time,date,site,transect,flight_time,depth,heading,temp,groundSpeed,lat,lon,DVLx,DVLy,altitude,seq,EucDIS,width,height,area,DVLlat,DVLlon
15:03:02,9/14/2023,3,3,0:08:07,-9.57072,304,55.89,0.1,47.6271,-122.3910954,-6,4.7,1.09,65.13333333,NA,3.056247282,1.335905718,4.08285822,47.627029,-122.391003
15:03:03,9/14/2023,3,3,0:08:08,-9.63168,304,55.89,0.1,47.6271005,-122.3911025,-5.8,4.4,0.95,65.15,0.144405559,2.66370176,1.164321497,3.101405221,47.62702972,-122.3910046
15:03:04,9/14/2023,3,3,0:08:09,-9.66216,304,55.89,0.1,47.6271021,-122.3911055,-5.6,4.3,0.95,65.16666667,0.089442702,2.66370176,1.164321497,3.101405221,47.62703044,-122.3910051
15:03:05,9/14/2023,3,3,0:08:10,-9.69264,304,55.85,0.1,47.6271032,-122.3911095,-5.4,4,0.82,65.18333333,0.144405556,2.299195203,1.004993293,2.310675757,47.62703116,-122.3910067
15:03:06,9/14/2023,3,3,0:08:11,-9.63168,305,55.85,0.1,47.6271056,-122.3911163,-5.3,3.7,0.79,65.2,0.126673382,2.215078305,0.968225245,2.144694735,47.62703152,-122.3910083
15:03:07,9/14/2023,3,3,0:08:12,-9.57072,304,55.85,0.1,47.6271056,-122.3911163,-5.1,3.4,0.94,65.21666667,0.144405556,2.635662794,1.152065482,3.036456126,47.62703223,-122.3910099
15:03:08,9/14/2023,3,3,0:08:13,-9.54024,304,55.85,0.1,47.6271077,-122.3911275,-5,3.1,0.99,65.23333333,0.126673383,2.775857623,1.213345561,3.368074524,47.62703259,-122.3910115
15:03:09,9/14/2023,3,3,0:08:14,-9.54024,304,55.85,0.1,47.6271096,-122.3911424,-4.8,2.9,0.81,65.25,0.113238696,2.271156237,0.992737277,2.254661458,47.62703331,-122.3910126
15:03:10,9/14/2023,3,3,0:08:15,-9.54024,304,55.85,0.1,47.6271114,-122.3911469,-4.7,2.7,0.84,65.26666667,0.089568243,2.355273135,1.029505324,2.424766232,47.62703367,-122.3910137
15:03:11,9/14/2023,3,3,0:08:16,-9.50976,304,55.85,0.1,47.6271139,-122.3911495,-4.6,2.6,0.84,65.28333333,0.05661935,2.355273135,1.029505324,2.424766232,47.62703403,-122.3910142
15:03:12,9/14/2023,3,3,0:08:17,-9.50976,304,55.85,0.1,47.6271141,-122.3911458,-4.4,2.4,0.86,65.3,0.113238694,2.411351066,1.054017356,2.541605875,47.62703475,-122.3910153
15:03:13,9/14/2023,3,3,0:08:18,-9.35736,304,55.85,0,47.6271151,-122.3911585,-4.3,2.3,0.96,65.31666667,0.056619349,2.691740725,1.176577513,3.167041609,47.62703511,-122.3910158
15:03:14,9/14/2023,3,3,0:08:19,-9.26592,304,55.85,0,47.6271168,-122.391152,-4.2,2.2,1.05,65.33333333,0.056619347,2.944091418,1.286881655,3.788697237,47.62703547,-122.3910163
15:03:15,9/14/2023,3,3,0:08:20,-9.26592,303,55.83,0,47.6271179,-122.3911592,-4.1,2.1,1.05,65.35,0.056619346,2.944091418,1.286881655,3.788697237,47.62703583,-122.3910169
15:03:16,9/14/2023,3,3,0:08:21,-9.2964,303,55.85,0.1,47.6271201,-122.3911579,-4.1,2,0.99,65.36666667,0.04004345,2.775857623,1.213345561,3.368074524,47.62703583,-122.3910174
15:03:17,9/14/2023,3,3,0:08:22,-9.32688,303,55.83,0.1,47.6271226,-122.3911566,-3.9,1.8,0.86,65.38333333,0.113238693,2.411351066,1.054017356,2.541605875,47.62703655,-122.3910185
15:03:18,9/14/2023,3,3,0:08:23,-9.38784,303,55.83,0.1,47.6271226,-122.3911566,-3.6,1.4,0.78,65.4,0.200237249,2.187039339,0.955969229,2.090742312,47.62703762,-122.3910206
15:03:19,9/14/2023,3,3,0:08:24,-9.4488,303,55.83,0.1,47.6271245,-122.3911613,-3.4,1,0.6,65.41666667,0.179136478,1.682337953,0.735360946,1.237125628,47.62703834,-122.3910227
15:03:20,9/14/2023,3,3,0:08:25,-9.47928,303,55.83,0.1,47.6271258,-122.3911604,-3.2,0.7,0.66,65.43333333,0.144405546,1.850571749,0.80889704,1.49692201,47.62703906,-122.3910243
15:03:21,9/14/2023,3,3,0:08:26,-9.47928,303,55.83,0.1,47.627128,-122.3911643,-3,0.3,0.25,65.45,0.179136479,0.700974147,0.306400394,0.214778755,47.62703978,-122.3910265
15:03:22,9/14/2023,3,3,0:08:27,-9.47928,303,55.83,0.1,47.6271285,-122.3911659,-2.9,0,0.28,65.46666667,0.126673375,0.785091045,0.343168441,0.26941847,47.62704014,-122.3910281
15:03:23,9/14/2023,3,3,0:08:28,-9.4488,303,55.83,0.1,47.6271284,-122.3911653,-2.8,-0.4,0.51,65.48333333,0.165156817,1.42998726,0.625056804,0.893823267,47.6270405,-122.3910302
15:03:24,9/14/2023,3,3,0:08:29,-9.38784,303,55.83,0.1,47.6271293,-122.3911655,-2.7,-0.7,0.57,65.5,0.126673375,1.598221056,0.698592898,1.11650588,47.62704086,-122.3910318
15:03:25,9/14/2023,3,3,0:08:30,-9.35736,303,55.83,0.1,47.6271299,-122.3911688,-2.6,-1,0.62,65.51666667,0.126673376,1.738415885,0.759872977,1.320975254,47.62704122,-122.3910334
15:03:26,9/14/2023,3,3,0:08:31,-9.23544,303,55.83,0.1,47.6271308,-122.3911701,-2.4,-1.2,0.8,65.53333333,0.11323869,2.243117271,0.980481261,2.199334451,47.62704194,-122.3910345
15:03:27,9/14/2023,3,3,0:08:32,-9.17448,303,55.83,0.1,47.627132,-122.3911706,-2.3,-1.3,0.85,65.55,0.056619347,2.383312101,1.04176134,2.482842407,47.62704229,-122.391035
15:03:28,9/14/2023,3,3,0:08:33,-9.144,303,55.81,0.1,47.6271327,-122.3911703,-2.1,-1.5,0.81,65.56666667,0.113238689,2.271156237,0.992737277,2.254661458,47.62704301,-122.3910361
15:03:29,9/14/2023,3,3,0:08:34,-9.17448,303,55.83,0.1,47.6271327,-122.3911703,-1.8,-1.7,0.86,65.58333333,0.144275798,2.411351066,1.054017356,2.541605875,47.62704409,-122.3910371
15:03:30,9/14/2023,3,3,0:08:35,-9.17448,303,55.83,0.1,47.6271344,-122.3911734,-1.6,-2,0.81,65.6,0.14440554,2.271156237,0.992737277,2.254661458,47.62704481,-122.3910387
15:03:31,9/14/2023,3,3,0:08:36,-9.11352,303,55.81,0.1,47.6271355,-122.3911742,-1.4,-2.3,0.88,65.61666667,0.144405541,2.467428998,1.078529387,2.661194685,47.62704553,-122.3910403
15:03:32,9/14/2023,3,3,0:08:37,-8.9916,303,55.81,0.1,47.627136,-122.3911728,-1.3,-2.6,1.03,65.63333333,0.12667337,2.888013487,1.262369624,3.645740498,47.62704589,-122.3910419
15:03:33,9/14/2023,3,3,0:08:38,-8.96112,303,55.81,0.1,47.6271375,-122.3911706,-1.1,-2.7,1.01,65.65,0.089442695,2.831935555,1.237857592,3.505532927,47.62704661,-122.3910425
15:03:34,9/14/2023,3,3,0:08:39,-8.9916,303,55.81,0.1,47.6271383,-122.3911722,-0.9,-2.9,0.99,65.66666667,0.113238687,2.775857623,1.213345561,3.368074524,47.62704733,-122.3910435
15:03:35,9/14/2023,3,3,0:08:40,-8.9916,303,55.81,0.1,47.6271392,-122.3911761,-0.8,-3.1,1.04,65.68333333,0.089568233,2.916052453,1.274625639,3.716875222,47.62704768,-122.3910446
15:03:36,9/14/2023,3,3,0:08:41,-8.9916,303,55.81,0.1,47.6271404,-122.3911848,-0.6,-3.4,0.87,65.7,0.144405535,2.439390032,1.066273371,2.601056634,47.6270484,-122.3910462
15:03:37,9/14/2023,3,3,0:08:42,-9.02208,303,55.81,0.1,47.6271423,-122.3911862,-0.5,-3.6,0.79,65.71666667,0.089568232,2.215078305,0.968225245,2.144694735,47.62704876,-122.3910473
15:03:38,9/14/2023,3,3,0:08:43,-9.02208,303,55.81,0.1,47.6271435,-122.3911895,-0.3,-3.8,0.77,65.73333333,0.113238685,2.159000373,0.943713214,2.037477181,47.62704948,-122.3910483
15:03:39,9/14/2023,3,3,0:08:44,-9.02208,303,55.81,0.1,47.6271445,-122.3911966,-0.2,-4,0.73,65.75,0.089568231,2.04684451,0.894689151,1.831289576,47.62704984,-122.3910494
15:03:40,9/14/2023,3,3,0:08:45,-9.02208,303,55.81,0.1,47.6271445,-122.3911966,-0.1,-4.2,0.6,65.76666667,0.089568231,1.682337953,0.735360946,1.237125628,47.6270502,-122.3910505
15:03:41,9/14/2023,3,3,0:08:46,-9.02208,303,55.81,0.1,47.6271458,-122.3912034,0,-4.4,0.6,65.78333333,0.089568231,1.682337953,0.735360946,1.237125628,47.62705056,-122.3910515
15:03:42,9/14/2023,3,3,0:08:47,-8.96112,303,55.81,0.1,47.6271476,-122.3912061,0.2,-4.6,0.62,65.8,0.113238684,1.738415885,0.759872977,1.320975254,47.62705128,-122.3910526
15:03:43,9/14/2023,3,3,0:08:48,-8.93064,303,55.81,0.1,47.6271491,-122.3912057,0.3,-4.9,0.72,65.81666667,0.126673363,2.018805544,0.882433135,1.781460905,47.62705164,-122.3910542
15:03:44,9/14/2023,3,3,0:08:49,-8.86968,303,55.81,0.1,47.6271512,-122.3912017,0.4,-5,0.63,65.83333333,0.05661934,1.766454851,0.772128993,1.363931005,47.627052,-122.3910547
15:03:45,9/14/2023,3,3,0:08:50,-8.86968,303,55.78,0.1,47.6271528,-122.3912015,0.4,-5.2,0.67,65.85,0.08008689,1.878610715,0.821153056,1.54262693,47.627052,-122.3910558
15:03:46,9/14/2023,3,3,0:08:51,-8.90016,303,55.81,0.1,47.6271528,-122.3912015,0.4,-5.5,0.7,65.86666667,0.120130337,1.962727612,0.857921103,1.683865439,47.627052,-122.3910574
15:03:47,9/14/2023,3,3,0:08:52,-8.90016,303,55.81,0.1,47.6271535,-122.3911959,0.4,-5.8,0.72,65.88333333,0.120130336,2.018805544,0.882433135,1.781460905,47.627052,-122.391059
15:03:48,9/14/2023,3,3,0:08:53,-8.93064,303,55.81,0.1,47.6271549,-122.3911946,0.5,-6,0.71,65.9,0.089568233,1.990766578,0.870177119,1.732319526,47.62705236,-122.39106
15:03:49,9/14/2023,3,3,0:08:54,-8.93064,303,55.81,0,47.6271552,-122.3911943,0.5,-6.2,0.72,65.91666667,0.080086892,2.018805544,0.882433135,1.781460905,47.62705236,-122.3910611
15:03:50,9/14/2023,3,3,0:08:55,-8.93064,303,55.81,0,47.6271564,-122.3911894,0.5,-6.3,0.82,65.93333333,0.040043444,2.299195203,1.004993293,2.310675757,47.62705236,-122.3910616
15:03:51,9/14/2023,3,3,0:08:56,-8.93064,303,55.81,0,47.627157,-122.3911862,0.4,-6.3,0.85,65.95,0.039949803,2.383312101,1.04176134,2.482842407,47.627052,-122.3910616
15:03:52,9/14/2023,3,3,0:08:57,-8.90016,303,55.81,0.1,47.6271577,-122.3911828,0.4,-6.4,0.82,65.96666667,0.040043447,2.299195203,1.004993293,2.310675757,47.627052,-122.3910622
15:03:53,9/14/2023,3,3,0:08:58,-8.93064,303,55.81,0.1,47.6271583,-122.3911756,0.6,-6.6,0.83,65.98333333,0.113238685,2.327234169,1.017249308,2.367377349,47.62705272,-122.3910632
15:03:54,9/14/2023,3,3,0:08:59,-8.93064,303,55.83,0.1,47.6271589,-122.3911695,0.7,-6.8,0.77,66,0.089568232,2.159000373,0.943713214,2.037477181,47.62705307,-122.3910643
15:03:55,9/14/2023,3,3,0:09:00,-8.93064,303,55.81,0,47.6271605,-122.3911679,0.9,-6.9,0.62,66.01666667,0.089442695,1.738415885,0.759872977,1.320975254,47.62705379,-122.3910648
15:03:56,9/14/2023,3,3,0:09:01,-8.93064,303,55.81,0,47.627161,-122.3911668,0.9,-7,0.47,66.03333333,0.040043446,1.317831397,0.576032741,0.759114031,47.62705379,-122.3910654
15:03:57,9/14/2023,3,3,0:09:02,-8.90016,303,55.81,0.1,47.6271614,-122.3911644,1,-7.1,0.74,66.05,0.056619341,2.074883476,0.906945166,1.881805539,47.62705415,-122.3910659
15:03:58,9/14/2023,3,3,0:09:03,-8.90016,301,55.81,0,47.6271623,-122.391158,1,-7.3,0.6,66.06666667,0.080086892,1.682337953,0.735360946,1.237125628,47.62705415,-122.391067
15:03:59,9/14/2023,3,3,0:09:04,-8.71728,302,55.81,0,47.6271628,-122.39116,0.9,-7.4,0.8,66.08333333,0.05650822,2.243117271,0.980481261,2.199334451,47.62705379,-122.3910675
15:04:00,9/14/2023,3,3,0:09:05,-8.62584,303,55.78,0,47.6271628,-122.3911619,0.9,-7.4,0.98,66.1,0,2.747818657,1.201089545,3.30037626,47.62705379,-122.3910675
15:04:01,9/14/2023,3,3,0:09:06,-8.62584,303,55.81,0.1,47.6271636,-122.3911579,0.9,-7.5,0.99,66.11666667,0.040043446,2.775857623,1.213345561,3.368074524,47.62705379,-122.391068
15:04:02,9/14/2023,3,3,0:09:07,-8.65632,303,55.81,0.1,47.6271636,-122.3911564,0.9,-7.8,0.86,66.13333333,0.120130339,2.411351066,1.054017356,2.541605875,47.62705379,-122.3910696
15:04:03,9/14/2023,3,3,0:09:08,-8.71728,302,55.81,0.1,47.627164,-122.3911545,0.9,-8.1,1.03,66.15,0.120130338,2.888013487,1.262369624,3.645740498,47.62705379,-122.3910712
15:04:04,9/14/2023,3,3,0:09:09,-8.74776,302,55.81,0.1,47.6271636,-122.3911533,0.9,-8.2,0.97,66.16666667,0.040043449,2.719779691,1.188833529,3.233365288,47.62705379,-122.3910718
15:04:05,9/14/2023,3,3,0:09:10,-8.74776,302,55.81,0.1,47.6271634,-122.3911509,0.9,-8.4,0.87,66.18333333,0.080086894,2.439390032,1.066273371,2.601056634,47.62705379,-122.3910728
15:04:06,9/14/2023,3,3,0:09:11,-8.77824,302,55.81,0.1,47.6271638,-122.3911511,1,-8.7,1.01,66.2,0.126673367,2.831935555,1.237857592,3.505532927,47.62705415,-122.3910744
15:04:07,9/14/2023,3,3,0:09:12,-8.77824,302,55.83,0.1,47.6271646,-122.391153,1,-9,0.95,66.21666667,0.120130341,2.66370176,1.164321497,3.101405221,47.62705415,-122.391076
15:04:08,9/14/2023,3,3,0:09:13,-8.74776,302,55.83,0.1,47.6271646,-122.391153,1.1,-9.3,0.94,66.23333333,0.126673371,2.635662794,1.152065482,3.036456126,47.62705451,-122.3910776
15:04:09,9/14/2023,3,3,0:09:14,-8.74776,302,55.83,0.1,47.627164,-122.3911559,1.2,-9.5,0.86,66.25,0.089568234,2.411351066,1.054017356,2.541605875,47.62705487,-122.3910787
15:04:10,9/14/2023,3,3,0:09:15,-8.74776,302,55.81,0.1,47.6271648,-122.3911567,1.3,-9.7,0.87,66.26666667,0.089568234,2.439390032,1.066273371,2.601056634,47.62705523,-122.3910798
15:04:11,9/14/2023,3,3,0:09:16,-8.74776,302,55.81,0.1,47.6271645,-122.3911553,1.5,-10,0.85,66.28333333,0.144405538,2.383312101,1.04176134,2.482842407,47.62705595,-122.3910814
15:04:12,9/14/2023,3,3,0:09:17,-8.74776,302,55.81,0.1,47.6271648,-122.3911596,1.7,-10.3,0.86,66.3,0.144405538,2.411351066,1.054017356,2.541605875,47.62705667,-122.391083
15:04:13,9/14/2023,3,3,0:09:18,-8.74776,302,55.81,0.1,47.6271656,-122.3911594,2,-10.7,0.79,66.31666667,0.200237232,2.215078305,0.968225245,2.144694735,47.62705775,-122.3910851
15:04:14,9/14/2023,3,3,0:09:19,-8.74776,303,55.81,0.1,47.6271666,-122.3911673,2.1,-11.1,0.76,66.33333333,0.165156806,2.130961408,0.931457198,1.984899342,47.62705811,-122.3910872
15:04:15,9/14/2023,3,3,0:09:20,-8.74776,303,55.81,0.1,47.6271668,-122.3911824,2.3,-11.5,0.8,66.35,0.179136464,2.243117271,0.980481261,2.199334451,47.62705882,-122.3910894
15:04:16,9/14/2023,3,3,0:09:21,-8.74776,302,55.81,0.1,47.6271677,-122.3911883,2.4,-11.8,0.74,66.36666667,0.126673366,2.074883476,0.906945166,1.881805539,47.62705918,-122.391091
15:04:17,9/14/2023,3,3,0:09:22,-8.74776,302,55.81,0.1,47.6271679,-122.3911934,2.6,-12.2,0.6,66.38333333,0.179136466,1.682337953,0.735360946,1.237125628,47.6270599,-122.3910931
15:04:18,9/14/2023,3,3,0:09:23,-8.74776,303,55.81,0.1,47.6271686,-122.3911993,2.7,-12.5,0.64,66.4,0.126673366,1.794493817,0.784385009,1.407574048,47.62706026,-122.3910947
15:04:19,9/14/2023,3,3,0:09:24,-8.74776,302,55.81,0.1,47.627169,-122.3912027,2.8,-12.9,0.63,66.41666667,0.165156805,1.766454851,0.772128993,1.363931005,47.62706062,-122.3910968
15:04:20,9/14/2023,3,3,0:09:25,-8.74776,302,55.81,0.1,47.6271698,-122.3912196,3,-13.2,0.67,66.43333333,0.144405535,1.878610715,0.821153056,1.54262693,47.62706134,-122.3910984
15:04:21,9/14/2023,3,3,0:09:26,-8.74776,302,55.78,0.1,47.6271708,-122.391229,3.1,-13.5,0.91,66.45,0.126673365,2.551545896,1.115297434,2.845732592,47.6270617,-122.3911
15:04:22,9/14/2023,3,3,0:09:27,-8.74776,302,55.81,0.1,47.6271721,-122.3912302,3.2,-13.8,0.66,66.46666667,0.126673367,1.850571749,0.80889704,1.49692201,47.62706206,-122.3911016
15:04:23,9/14/2023,3,3,0:09:28,-8.74776,302,55.81,0,47.6271735,-122.3912347,3.4,-14.2,0.58,66.48333333,0.179136463,1.626260022,0.710848914,1.156025171,47.62706278,-122.3911038
15:04:24,9/14/2023,3,3,0:09:29,-8.71728,296,55.81,0,47.6271753,-122.3912307,3.4,-14.3,0.61,66.5,0.040043446,1.710376919,0.747616962,1.278706795,47.62706278,-122.3911043
15:04:25,9/14/2023,3,3,0:09:30,-8.62584,294,55.81,0,47.6271766,-122.3912312,3.3,-14.5,0.6,66.51666667,0.08942777,1.682337953,0.735360946,1.237125628,47.62706242,-122.3911054
15:04:26,9/14/2023,3,3,0:09:31,-8.62584,295,55.78,0,47.6271786,-122.3912248,3.3,-14.5,0.6,66.53333333,0,1.682337953,0.735360946,1.237125628,47.62706242,-122.3911054
15:04:27,9/14/2023,3,3,0:09:32,-8.59536,295,55.81,0.1,47.6271807,-122.3912059,3.3,-14.6,0.71,66.55,0.040043446,1.990766578,0.870177119,1.732319526,47.62706242,-122.3911059
15:04:28,9/14/2023,3,3,0:09:33,-8.59536,295,55.81,0.1,47.6271811,-122.391197,3.2,-15,0.9,66.56666667,0.165004506,2.52350693,1.103041419,2.783532664,47.62706206,-122.391108
15:04:29,9/14/2023,3,3,0:09:34,-8.59536,295,55.81,0.1,47.6271816,-122.3911899,3.1,-15.3,0.72,66.58333333,0.12652442,2.018805544,0.882433135,1.781460905,47.6270617,-122.3911096
15:04:30,9/14/2023,3,3,0:09:35,-8.59536,294,55.81,0.1,47.6271825,-122.3911873,3,-15.7,0.73,66.6,0.165004508,2.04684451,0.894689151,1.831289576,47.62706134,-122.3911118
15:04:31,9/14/2023,3,3,0:09:36,-8.59536,293,55.81,0,47.6271831,-122.3911775,3,-15.9,0.74,66.61666667,0.080086896,2.074883476,0.906945166,1.881805539,47.62706134,-122.3911128
15:04:32,9/14/2023,3,3,0:09:37,-8.62584,293,55.81,0,47.6271834,-122.3911747,2.9,-16,0.78,66.63333333,0.056508219,2.187039339,0.955969229,2.090742312,47.62706098,-122.3911134
15:04:33,9/14/2023,3,3,0:09:38,-8.62584,295,55.81,0.1,47.6271832,-122.3911762,2.8,-16.1,0.82,66.65,0.056508218,2.299195203,1.004993293,2.310675757,47.62706062,-122.3911139
15:04:34,9/14/2023,3,3,0:09:39,-8.59536,294,55.81,0.1,47.6271832,-122.3911802,2.8,-16.4,0.76,66.66666667,0.120130348,2.130961408,0.931457198,1.984899342,47.62706062,-122.3911155
15:04:35,9/14/2023,3,3,0:09:40,-8.56488,295,55.81,0.1,47.6271829,-122.3911775,2.7,-16.7,0.79,66.68333333,0.126524425,2.215078305,0.968225245,2.144694735,47.62706026,-122.3911171
15:04:36,9/14/2023,3,3,0:09:41,-8.56488,295,55.83,0.1,47.6271829,-122.3911832,2.6,-17,0.83,66.7,0.126524426,2.327234169,1.017249308,2.367377349,47.6270599,-122.3911187
15:04:37,9/14/2023,3,3,0:09:42,-8.50392,294,55.83,0,47.6271819,-122.3911831,2.5,-17.3,0.88,66.71666667,0.126524427,2.467428998,1.078529387,2.661194685,47.62705954,-122.3911203
15:04:38,9/14/2023,3,3,0:09:43,-8.50392,294,55.81,0.1,47.627182,-122.3911815,2.5,-17.4,0.92,66.73333333,0.040043449,2.579584862,1.12755345,2.908619811,47.62705954,-122.3911208
15:04:39,9/14/2023,3,3,0:09:44,-8.5344,294,55.83,0.1,47.6271822,-122.3911823,2.5,-17.6,0.89,66.75,0.080086902,2.495467964,1.090785403,2.722020029,47.62705954,-122.3911219
15:04:40,9/14/2023,3,3,0:09:45,-8.5344,294,55.81,0,47.6271817,-122.391186,2.4,-17.8,0.9,66.76666667,0.089427776,2.52350693,1.103041419,2.783532664,47.62705918,-122.391123
15:04:41,9/14/2023,3,3,0:09:46,-8.56488,294,55.83,0,47.6271815,-122.3911867,2.5,-18,0.84,66.78333333,0.089568244,2.355273135,1.029505324,2.424766232,47.62705954,-122.391124
15:04:42,9/14/2023,3,3,0:09:47,-8.56488,294,55.81,0.1,47.6271818,-122.3911874,2.6,-18,0.85,66.8,0.039949805,2.383312101,1.04176134,2.482842407,47.6270599,-122.391124
15:04:43,9/14/2023,3,3,0:09:48,-8.5344,295,55.81,0.1,47.6271828,-122.3911893,2.6,-18.2,0.83,66.81666667,0.080086902,2.327234169,1.017249308,2.367377349,47.6270599,-122.3911251
15:04:44,9/14/2023,3,3,0:09:49,-8.5344,294,55.78,0.1,47.6271827,-122.391191,2.6,-18.5,0.86,66.83333333,0.120130354,2.411351066,1.054017356,2.541605875,47.6270599,-122.3911267
15:04:45,9/14/2023,3,3,0:09:50,-8.5344,294,55.81,0.1,47.627183,-122.3911934,2.6,-18.7,0.8,66.85,0.080086903,2.243117271,0.980481261,2.199334451,47.6270599,-122.3911278
15:04:46,9/14/2023,3,3,0:09:51,-8.5344,292,55.81,0,47.6271836,-122.3911962,2.6,-19,0.86,66.86666667,0.120130355,2.411351066,1.054017356,2.541605875,47.6270599,-122.3911294
15:04:47,9/14/2023,3,3,0:09:52,-8.5344,290,55.81,0.1,47.6271836,-122.3911962,2.5,-19.1,1.25,66.88333333,0.056508219,3.504870736,1.53200197,5.369468874,47.62705954,-122.3911299
15:04:48,9/14/2023,3,3,0:09:53,-8.50392,288,55.78,0.1,47.6271846,-122.3912035,2.3,-19,0.98,66.9,0.089442703,2.747818657,1.201089545,3.30037626,47.62705882,-122.3911294
15:04:49,9/14/2023,3,3,0:09:54,-8.50392,290,55.81,0.1,47.6271854,-122.3911912,2.3,-18.9,0.99,66.91666667,0.040043453,2.775857623,1.213345561,3.368074524,47.62705882,-122.3911288
15:04:50,9/14/2023,3,3,0:09:55,-8.5344,291,55.81,0.1,47.6271858,-122.3911883,2.5,-19.3,0.91,66.93333333,0.179136494,2.551545896,1.115297434,2.845732592,47.62705954,-122.391131
15:04:51,9/14/2023,3,3,0:09:56,-8.5344,288,55.78,0,47.627186,-122.3911869,2.7,-19.7,0.96,66.95,0.179136495,2.691740725,1.176577513,3.167041609,47.62706026,-122.3911331
15:04:52,9/14/2023,3,3,0:09:57,-8.50392,288,55.78,0,47.6271875,-122.3911861,2.6,-19.8,0.97,66.96666667,0.056508221,2.719779691,1.188833529,3.233365288,47.6270599,-122.3911336
15:04:53,9/14/2023,3,3,0:09:58,-8.50392,290,55.81,0,47.6271873,-122.3911859,2.6,-19.7,0.97,66.98333333,0.040043455,2.719779691,1.188833529,3.233365288,47.6270599,-122.3911331
15:04:54,9/14/2023,3,3,0:09:59,-8.5344,291,55.78,0.1,47.6271878,-122.3911855,2.5,-19.7,0.93,67,0.039949806,2.607623828,1.139809466,2.972194322,47.62705954,-122.3911331
15:04:55,9/14/2023,3,3,0:10:00,-8.5344,291,55.81,0.1,47.6271869,-122.3911783,2.3,-19.9,1.07,67.01666667,0.113016438,3.00016935,1.311393687,3.934403145,47.62705882,-122.3911342
15:04:56,9/14/2023,3,3,0:10:01,-8.5344,291,55.81,0.1,47.6271868,-122.391175,2.5,-20.2,1.03,67.03333333,0.144405562,2.888013487,1.262369624,3.645740498,47.62705954,-122.3911358
15:04:57,9/14/2023,3,3,0:10:02,-8.5344,290,55.81,0.1,47.6271868,-122.391172,2.6,-20.4,0.94,67.05,0.089568248,2.635662794,1.152065482,3.036456126,47.6270599,-122.3911368
15:04:58,9/14/2023,3,3,0:10:03,-8.59536,291,55.78,0.1,47.6271864,-122.3911675,2.8,-20.8,0.92,67.06666667,0.179136496,2.579584862,1.12755345,2.908619811,47.62706062,-122.391139
15:04:59,9/14/2023,3,3,0:10:04,-8.62584,291,55.78,0.1,47.627186,-122.3911542,2.9,-21,0.74,67.08333333,0.08956825,2.074883476,0.906945166,1.881805539,47.62706098,-122.39114
15:05:00,9/14/2023,3,3,0:10:05,-8.62584,291,55.78,0.1,47.6271857,-122.3911506,2.9,-21.3,0.79,67.1,0.120130357,2.215078305,0.968225245,2.144694735,47.62706098,-122.3911416
15:05:01,9/14/2023,3,3,0:10:06,-8.62584,291,55.81,0.1,47.6271863,-122.3911575,3.1,-21.5,0.77,67.11666667,0.113238703,2.159000373,0.943713214,2.037477181,47.6270617,-122.3911427
15:05:02,9/14/2023,3,3,0:10:07,-8.59536,291,55.78,0.1,47.6271852,-122.3911513,3.3,-21.7,0.78,67.13333333,0.113238701,2.187039339,0.955969229,2.090742312,47.62706242,-122.3911438
15:05:03,9/14/2023,3,3,0:10:08,-8.59536,291,55.78,0.1,47.6271848,-122.3911471,3.4,-21.8,0.75,67.15,0.056619348,2.102922442,0.919201182,1.933008795,47.62706278,-122.3911443
15:05:04,9/14/2023,3,3,0:10:09,-8.59536,291,55.78,0.1,47.6271844,-122.391145,3.4,-22.2,0.75,67.16666667,0.160173809,2.102922442,0.919201182,1.933008795,47.62706278,-122.3911464
15:05:05,9/14/2023,3,3,0:10:10,-8.59536,291,55.78,0.1,47.6271834,-122.3911401,3.5,-22.4,0.75,67.18333333,0.089568249,2.102922442,0.919201182,1.933008795,47.62706314,-122.3911475
15:05:06,9/14/2023,3,3,0:10:11,-8.59536,291,55.78,0.1,47.6271828,-122.3911456,3.5,-22.6,0.83,67.2,0.080086905,2.327234169,1.017249308,2.367377349,47.62706314,-122.3911486
15:05:07,9/14/2023,3,3,0:10:12,-8.59536,291,55.78,0.1,47.6271814,-122.3911456,3.5,-22.7,0.77,67.21666667,0.040043451,2.159000373,0.943713214,2.037477181,47.62706314,-122.3911491
15:05:08,9/14/2023,3,3,0:10:13,-8.59536,291,55.78,0,47.6271809,-122.3911471,3.6,-22.9,0.78,67.23333333,0.089568248,2.187039339,0.955969229,2.090742312,47.62706349,-122.3911502
15:05:09,9/14/2023,3,3,0:10:14,-8.59536,291,55.78,0.1,47.6271806,-122.3911466,3.6,-23.1,0.7,67.25,0.080086906,1.962727612,0.857921103,1.683865439,47.62706349,-122.3911512
15:05:10,9/14/2023,3,3,0:10:15,-8.59536,291,55.78,0.1,47.6271789,-122.3911459,3.6,-23.2,0.76,67.26666667,0.040043453,2.130961408,0.931457198,1.984899342,47.62706349,-122.3911517
15:05:11,9/14/2023,3,3,0:10:16,-8.59536,291,55.78,0,47.6271778,-122.3911452,3.6,-23.4,0.75,67.28333333,0.080086906,2.102922442,0.919201182,1.933008795,47.62706349,-122.3911528
15:05:12,9/14/2023,3,3,0:10:17,-8.59536,291,55.78,0,47.627176,-122.3911616,3.6,-23.6,0.74,67.3,0.080086906,2.074883476,0.906945166,1.881805539,47.62706349,-122.3911539
15:05:13,9/14/2023,3,3,0:10:18,-8.59536,291,55.78,0.1,47.6271745,-122.3911645,3.6,-23.7,0.77,67.31666667,0.040043453,2.159000373,0.943713214,2.037477181,47.62706349,-122.3911544
15:05:14,9/14/2023,3,3,0:10:19,-8.62584,291,55.78,0.1,47.6271745,-122.3911645,3.7,-23.9,0.72,67.33333333,0.089568249,2.018805544,0.882433135,1.781460905,47.62706385,-122.3911555
15:05:15,9/14/2023,3,3,0:10:20,-8.62584,291,55.78,0.1,47.6271728,-122.3911755,3.7,-24.1,0.72,67.35,0.080086907,2.018805544,0.882433135,1.781460905,47.62706385,-122.3911565
15:05:16,9/14/2023,3,3,0:10:21,-8.59536,291,55.78,0.1,47.627172,-122.3911785,3.7,-24.4,0.79,67.36666667,0.120130361,2.215078305,0.968225245,2.144694735,47.62706385,-122.3911581
15:05:17,9/14/2023,3,3,0:10:22,-8.59536,291,55.78,0.1,47.6271714,-122.3911805,3.7,-24.7,0.76,67.38333333,0.120130361,2.130961408,0.931457198,1.984899342,47.62706385,-122.3911597
15:05:18,9/14/2023,3,3,0:10:23,-8.59536,291,55.78,0.1,47.6271699,-122.3911934,3.8,-24.9,0.75,67.4,0.089568251,2.102922442,0.919201182,1.933008795,47.62706421,-122.3911608
15:05:19,9/14/2023,3,3,0:10:24,-8.59536,291,55.78,0.1,47.6271698,-122.391195,3.9,-25,0.75,67.41666667,0.056619352,2.102922442,0.919201182,1.933008795,47.62706457,-122.3911613
15:05:20,9/14/2023,3,3,0:10:25,-8.56488,291,55.78,0.1,47.6271695,-122.3911987,4,-25.2,0.8,67.43333333,0.08956825,2.243117271,0.980481261,2.199334451,47.62706493,-122.3911624
15:05:21,9/14/2023,3,3,0:10:26,-8.56488,290,55.78,0,47.6271691,-122.3912072,3.9,-25.4,0.78,67.45,0.089427778,2.187039339,0.955969229,2.090742312,47.62706457,-122.3911635
15:05:22,9/14/2023,3,3,0:10:27,-8.56488,291,55.78,0.1,47.6271688,-122.391216,3.9,-25.5,0.77,67.46666667,0.040043454,2.159000373,0.943713214,2.037477181,47.62706457,-122.391164
15:05:23,9/14/2023,3,3,0:10:28,-8.56488,291,55.78,0.1,47.6271683,-122.3912213,3.8,-25.7,0.75,67.48333333,0.089427778,2.102922442,0.919201182,1.933008795,47.62706421,-122.3911651
15:05:24,9/14/2023,3,3,0:10:29,-8.56488,289,55.78,0.1,47.627168,-122.3912209,3.8,-25.8,0.72,67.5,0.040043455,2.018805544,0.882433135,1.781460905,47.62706421,-122.3911656
15:05:25,9/14/2023,3,3,0:10:30,-8.74776,290,55.78,0,47.6271678,-122.3912213,3.8,-25.7,0.6,67.51666667,0.040043455,1.682337953,0.735360946,1.237125628,47.62706421,-122.3911651
15:05:26,9/14/2023,3,3,0:10:31,-8.77824,296,55.78,0.1,47.6271676,-122.3912225,3.9,-25.6,0.56,67.53333333,0.056508219,1.57018209,0.686336883,1.077673881,47.62706457,-122.3911645
15:05:27,9/14/2023,3,3,0:10:32,-8.74776,292,55.78,0.1,47.6271674,-122.3912193,4,-25.3,0.55,67.55,0.126524435,1.542143124,0.674080867,1.039529174,47.62706493,-122.3911629
15:05:28,9/14/2023,3,3,0:10:33,-8.71728,289,55.78,0,47.6271674,-122.3912103,4.1,-25.1,0.65,67.56666667,0.089427777,1.822532783,0.796641025,1.451904383,47.62706529,-122.3911619
15:05:29,9/14/2023,3,3,0:10:34,-8.6868,291,55.78,0.1,47.6271677,-122.3912049,4,-25,0.71,67.58333333,0.056619352,1.990766578,0.870177119,1.732319526,47.62706493,-122.3911613
15:05:30,9/14/2023,3,3,0:10:35,-8.65632,292,55.78,0,47.6271668,-122.3912037,3.9,-25.3,0.71,67.6,0.126524434,1.990766578,0.870177119,1.732319526,47.62706457,-122.3911629
15:05:31,9/14/2023,3,3,0:10:36,-8.65632,293,55.78,0.1,47.6271668,-122.3912037,4,-25.4,0.66,67.61666667,0.056619351,1.850571749,0.80889704,1.49692201,47.62706493,-122.3911635
15:05:32,9/14/2023,3,3,0:10:37,-8.65632,292,55.78,0.1,47.6271667,-122.3912061,4.1,-25.3,0.65,67.63333333,0.05650822,1.822532783,0.796641025,1.451904383,47.62706529,-122.3911629
15:05:33,9/14/2023,3,3,0:10:38,-8.65632,292,55.78,0.1,47.6271667,-122.3912085,4.4,-25.5,0.6,67.65,0.14427581,1.682337953,0.735360946,1.237125628,47.62706637,-122.391164
15:05:34,9/14/2023,3,3,0:10:39,-8.65632,291,55.78,0.1,47.6271664,-122.3912103,4.3,-25.7,0.62,67.66666667,0.089427778,1.738415885,0.759872977,1.320975254,47.62706601,-122.3911651
15:05:35,9/14/2023,3,3,0:10:40,-8.65632,293,55.78,0.1,47.6271663,-122.3912095,4.2,-26.1,0.64,67.68333333,0.165004525,1.794493817,0.784385009,1.407574048,47.62706565,-122.3911672
15:05:36,9/14/2023,3,3,0:10:41,-8.65632,292,55.78,0.1,47.6271661,-122.3912093,4.3,-26.2,0.63,67.7,0.056619353,1.766454851,0.772128993,1.363931005,47.62706601,-122.3911677
15:05:37,9/14/2023,3,3,0:10:42,-8.65632,293,55.78,0.1,47.6271654,-122.3912079,4.6,-26,0.6,67.71666667,0.144014159,1.682337953,0.735360946,1.237125628,47.62706709,-122.3911667
15:05:38,9/14/2023,3,3,0:10:43,-8.65632,291,55.78,0.1,47.6271654,-122.3912118,4.9,-26,0.48,67.73333333,0.119849409,1.345870363,0.588288757,0.791760402,47.62706817,-122.3911667
15:05:39,9/14/2023,3,3,0:10:44,-8.6868,293,55.78,0.1,47.6271651,-122.3912132,4.9,-26.4,0.53,67.75,0.160173809,1.486065192,0.649568835,0.965301636,47.62706817,-122.3911688
15:05:40,9/14/2023,3,3,0:10:45,-8.65632,291,55.78,0,47.6271649,-122.3912134,4.8,-26.7,0.53,67.76666667,0.126524432,1.486065192,0.649568835,0.965301636,47.62706781,-122.3911704
15:05:41,9/14/2023,3,3,0:10:46,-8.65632,290,55.78,0,47.6271646,-122.3912147,4.8,-26.7,0.54,67.78333333,0,1.514104158,0.661824851,1.002071759,47.62706781,-122.3911704
15:05:42,9/14/2023,3,3,0:10:47,-8.80872,278,55.81,0,47.6271641,-122.3912151,4.8,-26.7,0.39,67.8,0,1.09351967,0.477984615,0.522685578,47.62706781,-122.3911704
15:05:43,9/14/2023,3,3,0:10:48,-9.02208,281,55.78,0.1,47.6271641,-122.3912208,4.8,-26.4,0.21,67.81666667,0.12013036,0.588818284,0.257376331,0.151547889,47.62706781,-122.3911688
15:05:44,9/14/2023,3,3,0:10:49,-9.11352,276,55.78,0.1,47.6271639,-122.3912229,4.8,-26.2,0.11,67.83333333,0.080086903,0.308428625,0.134816173,0.041581167,47.62706781,-122.3911677
15:05:45,9/14/2023,3,3,0:10:50,-8.96112,278,55.78,0,47.6271638,-122.3912255,4.6,-26.2,0.3,67.85,0.079899605,0.841168977,0.367680473,0.309281407,47.62706709,-122.3911677
15:05:46,9/14/2023,3,3,0:10:51,-8.8392,279,55.81,0.2,47.6271636,-122.3912271,4.4,-26.1,0.39,67.86666667,0.089442704,1.09351967,0.477984615,0.522685578,47.62706637,-122.3911672
15:05:47,9/14/2023,3,3,0:10:52,-8.80872,281,55.78,0.3,47.6271628,-122.3912288,4.3,-25.4,0.47,67.88333333,0.283214438,1.317831397,0.576032741,0.759114031,47.62706601,-122.3911635
15:05:48,9/14/2023,3,3,0:10:53,-8.86968,282,55.81,0.1,47.6271623,-122.3912296,4.2,-24.6,0.4,67.9,0.322906912,1.121558636,0.490240631,0.549833613,47.62706565,-122.3911592
15:05:49,9/14/2023,3,3,0:10:54,-8.93064,276,55.78,0.1,47.6271616,-122.3912216,4.1,-24.1,0.41,67.91666667,0.204240957,1.149597601,0.502496646,0.577668939,47.62706529,-122.3911565
15:05:50,9/14/2023,3,3,0:10:55,-8.96112,272,55.78,0.1,47.6271612,-122.3912188,3.9,-24,0.45,67.93333333,0.089442702,1.261753465,0.551520709,0.695883166,47.62706457,-122.391156
15:05:51,9/14/2023,3,3,0:10:56,-8.93064,279,55.81,0.1,47.6271612,-122.3912155,4.1,-23.8,0.36,67.95,0.11301644,1.009402772,0.441216567,0.445365226,47.62706529,-122.3911549
15:05:52,9/14/2023,3,3,0:10:57,-8.90016,277,55.78,0.1,47.6271607,-122.391213,4.1,-23.6,0.38,67.96666667,0.080086903,1.065480704,0.465728599,0.496224835,47.62706529,-122.3911539
15:05:53,9/14/2023,3,3,0:10:58,-8.90016,274,55.81,0,47.6271605,-122.3912115,4,-23.5,0.36,67.98333333,0.056619352,1.009402772,0.441216567,0.445365226,47.62706493,-122.3911533
15:05:54,9/14/2023,3,3,0:10:59,-8.90016,274,55.81,0.1,47.6271603,-122.3912103,4,-23.3,0.36,68,0.080086904,1.009402772,0.441216567,0.445365226,47.62706493,-122.3911523
15:05:55,9/14/2023,3,3,0:11:00,-8.90016,274,55.81,0.1,47.6271603,-122.3912092,4.2,-23.4,0.38,68.01666667,0.089442702,1.065480704,0.465728599,0.496224835,47.62706565,-122.3911528
15:05:56,9/14/2023,3,3,0:11:01,-8.93064,273,55.81,0.1,47.6271608,-122.3911986,4.5,-23.6,0.3,68.03333333,0.144275806,0.841168977,0.367680473,0.309281407,47.62706673,-122.3911539
15:05:57,9/14/2023,3,3,0:11:02,-8.93064,273,55.81,0.1,47.627161,-122.3912091,4.5,-24,0.32,68.05,0.160173805,0.897246908,0.392192504,0.351893512,47.62706673,-122.391156
15:05:58,9/14/2023,3,3,0:11:03,-8.90016,272,55.81,0.1,47.6271619,-122.3912061,4.4,-24.2,0.31,68.06666667,0.089427776,0.869207943,0.379936489,0.330243814,47.62706637,-122.3911571
15:05:59,9/14/2023,3,3,0:11:04,-8.86968,271,55.81,0,47.6271623,-122.3912059,4.3,-24.3,0.39,68.08333333,0.056508221,1.09351967,0.477984615,0.522685578,47.62706601,-122.3911576
15:06:00,9/14/2023,3,3,0:11:05,-8.80872,270,55.81,0.1,47.6271631,-122.3912149,4.2,-24.4,0.43,68.1,0.056508221,1.205675533,0.527008678,0.635401469,47.62706565,-122.3911581
15:06:01,9/14/2023,3,3,0:11:06,-8.8392,271,55.81,0.1,47.6271636,-122.3912252,4.4,-24.3,0.4,68.11666667,0.089302036,1.121558636,0.490240631,0.549833613,47.62706637,-122.3911576
15:06:02,9/14/2023,3,3,0:11:07,-8.86968,270,55.81,0.1,47.627164,-122.391231,4.6,-24.4,0.36,68.13333333,0.089442701,1.009402772,0.441216567,0.445365226,47.62706709,-122.3911581
15:06:03,9/14/2023,3,3,0:11:08,-8.86968,271,55.81,0.1,47.6271642,-122.3912439,4.7,-24.6,0.29,68.15,0.089568245,0.813130011,0.355424457,0.289006293,47.62706745,-122.3911592
15:06:04,9/14/2023,3,3,0:11:09,-8.90016,270,55.81,0.1,47.6271658,-122.3912516,4.5,-24.8,0.39,68.16666667,0.113016439,1.09351967,0.477984615,0.522685578,47.62706673,-122.3911603
15:06:05,9/14/2023,3,3,0:11:10,-8.86968,268,55.81,0.1,47.6271666,-122.3912514,4.2,-24.9,0.42,68.18333333,0.126287376,1.177636567,0.514752662,0.606191558,47.62706565,-122.3911608
15:06:06,9/14/2023,3,3,0:11:11,-8.86968,269,55.81,0.1,47.6271684,-122.3912477,4,-25,0.45,68.2,0.089302035,1.261753465,0.551520709,0.695883166,47.62706493,-122.3911613
15:06:07,9/14/2023,3,3,0:11:12,-8.86968,270,55.81,0.1,47.6271695,-122.3912411,3.7,-25.3,0.48,68.21666667,0.169524661,1.345870363,0.588288757,0.791760402,47.62706385,-122.3911629
15:06:08,9/14/2023,3,3,0:11:13,-8.77824,275,55.81,0,47.6271701,-122.3912429,3.5,-25.5,0.5,68.23333333,0.113016442,1.401948294,0.612800788,0.85911502,47.62706314,-122.391164
15:06:09,9/14/2023,3,3,0:11:14,-8.71728,277,55.81,0,47.6271698,-122.3912524,3.4,-25.4,0.63,68.25,0.056619353,1.766454851,0.772128993,1.363931005,47.62706278,-122.3911635
15:06:10,9/14/2023,3,3,0:11:15,-8.71728,273,55.81,0,47.62717,-122.3912539,3.4,-25.4,0.62,68.26666667,0,1.738415885,0.759872977,1.320975254,47.62706278,-122.3911635
15:06:11,9/14/2023,3,3,0:11:16,-8.74776,279,55.81,0.1,47.6271715,-122.3912674,3.4,-25.3,0.57,68.28333333,0.040043455,1.598221056,0.698592898,1.11650588,47.62706278,-122.3911629
15:06:12,9/14/2023,3,3,0:11:17,-8.77824,276,55.81,0.1,47.6271735,-122.3912621,3.5,-25.2,0.6,68.3,0.056508221,1.682337953,0.735360946,1.237125628,47.62706314,-122.3911624
15:06:13,9/14/2023,3,3,0:11:18,-8.77824,278,55.81,0.1,47.6271756,-122.3912622,3.8,-24.9,0.54,68.31666667,0.169524662,1.514104158,0.661824851,1.002071759,47.62706421,-122.3911608
15:06:14,9/14/2023,3,3,0:11:19,-8.80872,275,55.81,0.1,47.627177,-122.3912623,4.1,-24.9,0.49,68.33333333,0.11984941,1.373909329,0.600544772,0.825094065,47.62706529,-122.3911608
15:06:15,9/14/2023,3,3,0:11:20,-8.80872,276,55.81,0.1,47.6271778,-122.3912677,4.2,-25.3,0.49,68.35,0.165156837,1.373909329,0.600544772,0.825094065,47.62706565,-122.3911629
15:06:16,9/14/2023,3,3,0:11:21,-8.80872,275,55.81,0.2,47.6271803,-122.3912679,4.2,-25.7,0.49,68.36666667,0.160173814,1.373909329,0.600544772,0.825094065,47.62706565,-122.3911651
15:06:17,9/14/2023,3,3,0:11:22,-8.80872,275,55.81,0.1,47.627183,-122.3912585,4.5,-26.1,0.46,68.38333333,0.200237267,1.289792431,0.563776725,0.727154953,47.62706673,-122.3911672
15:06:18,9/14/2023,3,3,0:11:23,-8.71728,276,55.81,0.1,47.6271856,-122.3912579,4.7,-26.5,0.36,68.4,0.179136498,1.009402772,0.441216567,0.445365226,47.62706745,-122.3911693
15:06:19,9/14/2023,3,3,0:11:24,-8.62584,275,55.78,0.1,47.6271863,-122.3912504,4.7,-26.7,0.54,68.41666667,0.080086906,1.514104158,0.661824851,1.002071759,47.62706745,-122.3911704
15:06:20,9/14/2023,3,3,0:11:25,-8.62584,276,55.78,0.1,47.6271877,-122.3912425,4.9,-27,0.53,68.43333333,0.144405563,1.486065192,0.649568835,0.965301636,47.62706817,-122.391172
15:06:21,9/14/2023,3,3,0:11:26,-8.62584,275,55.81,0.1,47.6271886,-122.3912403,5,-27.4,0.43,68.45,0.165156836,1.205675533,0.527008678,0.635401469,47.62706853,-122.3911741
15:06:22,9/14/2023,3,3,0:11:27,-8.50392,275,55.81,0.1,47.62719,-122.3912322,4.9,-27.7,0.5,68.46666667,0.126524432,1.401948294,0.612800788,0.85911502,47.62706817,-122.3911757
15:06:23,9/14/2023,3,3,0:11:28,-8.47344,275,55.78,0,47.6271893,-122.3912359,4.9,-27.7,0.58,68.48333333,0,1.626260022,0.710848914,1.156025171,47.62706817,-122.3911757
15:06:24,9/14/2023,3,3,0:11:29,-8.47344,275,55.78,0.1,47.6271893,-122.3912346,5.1,-27.8,0.51,68.5,0.089442705,1.42998726,0.625056804,0.893823267,47.62706888,-122.3911763
15:06:25,9/14/2023,3,3,0:11:30,-8.50392,276,55.81,0.1,47.6271895,-122.3912309,5.4,-28.1,0.66,68.51666667,0.169858054,1.850571749,0.80889704,1.49692201,47.62706996,-122.3911779
15:06:26,9/14/2023,3,3,0:11:31,-8.5344,276,55.81,0.1,47.6271893,-122.3912312,5.5,-28.5,0.44,68.53333333,0.165156834,1.233714499,0.539264694,0.665298671,47.62707032,-122.39118
15:06:27,9/14/2023,3,3,0:11:32,-8.5344,276,55.78,0.1,47.6271894,-122.3912224,5.5,-28.8,0.26,68.55,0.120130359,0.729013113,0.31865641,0.232304701,47.62707032,-122.3911816
15:06:28,9/14/2023,3,3,0:11:33,-8.5344,276,55.78,0.1,47.6271888,-122.3912278,5.8,-29.1,0.18,68.56666667,0.169858052,0.504701386,0.220608284,0.111341307,47.6270714,-122.3911832
15:06:29,9/14/2023,3,3,0:11:34,-8.56488,276,55.81,0.1,47.6271887,-122.391215,5.9,-29.5,0.24,68.58333333,0.165156835,0.672935181,0.294144378,0.197940101,47.62707176,-122.3911853
15:06:30,9/14/2023,3,3,0:11:35,-8.50392,276,55.81,0.1,47.6271881,-122.3912112,5.8,-29.8,0.33,68.6,0.126524431,0.925285874,0.40444852,0.374230503,47.6270714,-122.3911869
15:06:31,9/14/2023,3,3,0:11:36,-8.47344,276,55.78,0.1,47.627188,-122.3912092,5.7,-30,0.38,68.61666667,0.089427778,1.065480704,0.465728599,0.496224835,47.62707104,-122.391188
15:06:32,9/14/2023,3,3,0:11:37,-8.35152,275,55.78,0,47.6271872,-122.3912042,5.9,-30.3,0.59,68.63333333,0.144405563,1.654298987,0.72310493,1.196231754,47.62707176,-122.3911896
15:06:33,9/14/2023,3,3,0:11:38,-8.32104,275,55.78,0,47.6271854,-122.3912024,5.9,-30.5,0.58,68.65,0.080086908,1.626260022,0.710848914,1.156025171,47.62707176,-122.3911907
15:06:34,9/14/2023,3,3,0:11:39,-8.32104,276,55.78,0,47.6271834,-122.3912092,5.9,-30.5,0.62,68.66666667,0,1.738415885,0.759872977,1.320975254,47.62707176,-122.3911907
15:06:35,9/14/2023,3,3,0:11:40,-8.2296,275,55.78,0,47.6271829,-122.3912148,5.9,-30.4,0.69,68.68333333,0.040043453,1.934688646,0.845665088,1.636098644,47.62707176,-122.3911901
15:06:36,9/14/2023,3,3,0:11:41,-8.19912,275,55.78,0,47.6271814,-122.3912144,5.9,-30.4,0.71,68.7,0,1.990766578,0.870177119,1.732319526,47.62707176,-122.3911901
15:06:37,9/14/2023,3,3,0:11:42,-8.13816,275,55.78,0,47.6271806,-122.3912123,5.9,-30.4,0.76,68.71666667,0,2.130961408,0.931457198,1.984899342,47.62707176,-122.3911901
15:06:38,9/14/2023,3,3,0:11:43,-8.13816,276,55.78,0,47.6271793,-122.3912124,6,-30.5,0.74,68.73333333,0.056619351,2.074883476,0.906945166,1.881805539,47.62707212,-122.3911907
15:06:39,9/14/2023,3,3,0:11:44,-8.16864,276,55.78,0.1,47.6271781,-122.3912209,6,-30.7,0.76,68.75,0.080086906,2.130961408,0.931457198,1.984899342,47.62707212,-122.3911917
15:06:40,9/14/2023,3,3,0:11:45,-8.19912,276,55.78,0.1,47.6271764,-122.3912214,5.9,-30.9,0.88,68.76666667,0.089427779,2.467428998,1.078529387,2.661194685,47.62707176,-122.3911928
15:06:41,9/14/2023,3,3,0:11:46,-8.19912,276,55.78,0.1,47.6271755,-122.3912203,5.9,-31.1,0.8,68.78333333,0.080086908,2.243117271,0.980481261,2.199334451,47.62707176,-122.3911939
15:06:42,9/14/2023,3,3,0:11:47,-8.19912,276,55.78,0.1,47.6271734,-122.3912214,5.9,-31.2,0.78,68.8,0.040043454,2.187039339,0.955969229,2.090742312,47.62707176,-122.3911944
15:06:43,9/14/2023,3,3,0:11:48,-8.19912,276,55.78,0.1,47.6271725,-122.3912237,6,-31.5,0.74,68.81666667,0.126673394,2.074883476,0.906945166,1.881805539,47.62707212,-122.391196
15:06:44,9/14/2023,3,3,0:11:49,-8.19912,275,55.78,0,47.6271701,-122.3912295,6,-31.8,0.78,68.83333333,0.120130362,2.187039339,0.955969229,2.090742312,47.62707212,-122.3911976
15:06:45,9/14/2023,3,3,0:11:50,-8.16864,275,55.78,0.1,47.6271678,-122.3912358,6,-32,0.79,68.85,0.080086909,2.215078305,0.968225245,2.144694735,47.62707212,-122.3911987
15:06:46,9/14/2023,3,3,0:11:51,-8.16864,275,55.78,0.1,47.6271663,-122.3912359,6.1,-32.2,0.78,68.86666667,0.089568252,2.187039339,0.955969229,2.090742312,47.62707248,-122.3911997
15:06:47,9/14/2023,3,3,0:11:52,-8.19912,275,55.78,0.1,47.6271659,-122.3912358,6.2,-32.5,0.81,68.88333333,0.126673395,2.271156237,0.992737277,2.254661458,47.62707284,-122.3912013
15:06:48,9/14/2023,3,3,0:11:53,-8.19912,276,55.78,0.1,47.6271657,-122.3912395,6.2,-32.9,0.74,68.9,0.160173819,2.074883476,0.906945166,1.881805539,47.62707284,-122.3912035
15:06:49,9/14/2023,3,3,0:11:54,-8.19912,276,55.78,0.1,47.6271645,-122.3912431,6.1,-33.2,0.77,68.91666667,0.126524436,2.159000373,0.943713214,2.037477181,47.62707248,-122.3912051
15:06:50,9/14/2023,3,3,0:11:55,-8.13816,276,55.78,0.1,47.6271638,-122.3912455,6.1,-33.5,0.72,68.93333333,0.120130366,2.018805544,0.882433135,1.781460905,47.62707248,-122.3912067
15:06:51,9/14/2023,3,3,0:11:56,-8.10768,276,55.78,0.1,47.6271619,-122.3912514,6.2,-33.7,0.79,68.95,0.089568255,2.215078305,0.968225245,2.144694735,47.62707284,-122.3912077
15:06:52,9/14/2023,3,3,0:11:57,-8.10768,276,55.78,0.1,47.6271617,-122.3912528,6.2,-34.1,0.69,68.96666667,0.160173822,1.934688646,0.845665088,1.636098644,47.62707284,-122.3912099
15:06:53,9/14/2023,3,3,0:11:58,-8.13816,275,55.78,0.1,47.6271614,-122.3912552,6.4,-34.6,0.72,68.98333333,0.215716868,2.018805544,0.882433135,1.781460905,47.62707356,-122.3912125
15:06:54,9/14/2023,3,3,0:11:59,-8.13816,275,55.78,0.1,47.6271611,-122.391257,6.5,-35,0.66,69,0.165156849,1.850571749,0.80889704,1.49692201,47.62707392,-122.3912147
15:06:55,9/14/2023,3,3,0:12:00,-8.13816,275,55.78,0.1,47.6271615,-122.3912502,6.6,-35.3,0.67,69.01666667,0.1266734,1.878610715,0.821153056,1.54262693,47.62707427,-122.3912163
15:06:56,9/14/2023,3,3,0:12:01,-8.13816,275,55.78,0.1,47.627162,-122.3912488,6.9,-35.7,0.63,69.03333333,0.200237281,1.766454851,0.772128993,1.363931005,47.62707535,-122.3912184
15:06:57,9/14/2023,3,3,0:12:02,-8.01624,276,55.78,0.1,47.6271621,-122.3912492,7.1,-36.1,0.71,69.05,0.17913651,1.990766578,0.870177119,1.732319526,47.62707607,-122.3912205
15:06:58,9/14/2023,3,3,0:12:03,-8.01624,276,55.78,0.1,47.6271623,-122.3912495,7.2,-36.4,0.73,69.06666667,0.126673401,2.04684451,0.894689151,1.831289576,47.62707643,-122.3912221
15:06:59,9/14/2023,3,3,0:12:04,-7.98576,275,55.78,0.1,47.6271627,-122.3912495,7.4,-36.8,0.63,69.08333333,0.179136509,1.766454851,0.772128993,1.363931005,47.62707715,-122.3912243
15:07:00,9/14/2023,3,3,0:12:05,-7.98576,276,55.78,0.1,47.6271627,-122.3912495,7.4,-37,0.7,69.1,0.080086911,1.962727612,0.857921103,1.683865439,47.62707715,-122.3912253
15:07:01,9/14/2023,3,3,0:12:06,-7.98576,278,55.78,0,47.6271627,-122.3912492,7.4,-37.1,0.62,69.11666667,0.040043455,1.738415885,0.759872977,1.320975254,47.62707715,-122.3912259
15:07:02,9/14/2023,3,3,0:12:07,-7.98576,277,55.78,0.1,47.6271627,-122.3912419,7.5,-37.3,0.61,69.13333333,0.089568255,1.710376919,0.747616962,1.278706795,47.62707751,-122.3912269
15:07:03,9/14/2023,3,3,0:12:08,-7.98576,276,55.78,0.1,47.6271629,-122.3912383,7.6,-37.7,0.61,69.15,0.165156848,1.710376919,0.747616962,1.278706795,47.62707787,-122.3912291
15:07:04,9/14/2023,3,3,0:12:09,-7.95528,276,55.78,0.1,47.6271621,-122.3912455,7.7,-38,0.62,69.16666667,0.126673399,1.738415885,0.759872977,1.320975254,47.62707823,-122.3912307
15:07:05,9/14/2023,3,3,0:12:10,-7.86384,277,55.78,0.1,47.6271618,-122.3912461,7.7,-38.3,0.76,69.18333333,0.120130367,2.130961408,0.931457198,1.984899342,47.62707823,-122.3912323
15:07:06,9/14/2023,3,3,0:12:11,-7.80288,276,55.78,0,47.6271616,-122.3912447,7.7,-38.6,0.76,69.2,0.120130367,2.130961408,0.931457198,1.984899342,47.62707823,-122.3912339
15:07:07,9/14/2023,3,3,0:12:12,-7.80288,276,55.78,0,47.6271616,-122.3912414,7.7,-38.8,0.76,69.21666667,0.080086912,2.130961408,0.931457198,1.984899342,47.62707823,-122.3912349
15:07:08,9/14/2023,3,3,0:12:13,-7.83336,276,55.78,0,47.6271607,-122.3912464,7.7,-38.8,0.75,69.23333333,0,2.102922442,0.919201182,1.933008795,47.62707823,-122.3912349
15:07:09,9/14/2023,3,3,0:12:14,-7.83336,276,55.78,0.1,47.6271595,-122.3912535,7.8,-38.7,0.76,69.25,0.056508221,2.130961408,0.931457198,1.984899342,47.62707859,-122.3912344
15:07:10,9/14/2023,3,3,0:12:15,-7.86384,276,55.78,0,47.6271592,-122.3912517,7.9,-38.9,0.78,69.26666667,0.089568256,2.187039339,0.955969229,2.090742312,47.62707895,-122.3912355
15:07:11,9/14/2023,3,3,0:12:16,-7.86384,277,55.78,0.1,47.6271592,-122.3912517,7.9,-39,0.77,69.28333333,0.040043456,2.159000373,0.943713214,2.037477181,47.62707895,-122.391236
15:07:12,9/14/2023,3,3,0:12:17,-7.86384,277,55.78,0.1,47.6271589,-122.3912442,7.8,-39.4,0.78,69.3,0.165004534,2.187039339,0.955969229,2.090742312,47.62707859,-122.3912381
15:07:13,9/14/2023,3,3,0:12:18,-7.74192,277,55.78,0.1,47.6271584,-122.3912351,7.8,-39.7,0.94,69.31666667,0.120130369,2.635662794,1.152065482,3.036456126,47.62707859,-122.3912397
15:07:14,9/14/2023,3,3,0:12:19,-7.71144,277,55.78,0.1,47.627157,-122.3912408,7.8,-40,1.06,69.33333333,0.120130371,2.972130384,1.299137671,3.861206545,47.62707859,-122.3912413
15:07:15,9/14/2023,3,3,0:12:20,-7.71144,277,55.78,0.1,47.6271568,-122.3912399,7.8,-40.4,0.99,69.35,0.160173828,2.775857623,1.213345561,3.368074524,47.62707859,-122.3912435
15:07:16,9/14/2023,3,3,0:12:21,-7.71144,278,55.78,0.1,47.6271564,-122.3912365,7.7,-40.7,0.93,69.36666667,0.126524441,2.607623828,1.139809466,2.972194322,47.62707823,-122.3912451
15:07:17,9/14/2023,3,3,0:12:22,-7.74192,280,55.78,0.1,47.6271565,-122.3912325,7.5,-40.9,1.01,69.38333333,0.113016444,2.831935555,1.237857592,3.505532927,47.62707751,-122.3912461
15:07:18,9/14/2023,3,3,0:12:23,-7.74192,280,55.78,0.1,47.6271556,-122.3912411,7.4,-41.3,1.1,69.4,0.16500454,3.084286248,1.348161734,4.158116696,47.62707715,-122.3912483
15:07:19,9/14/2023,3,3,0:12:24,-7.74192,280,55.78,0.1,47.6271542,-122.3912508,7.5,-41.7,1.1,69.41666667,0.165156864,3.084286248,1.348161734,4.158116696,47.62707751,-122.3912504
15:07:20,9/14/2023,3,3,0:12:25,-7.74192,281,55.78,0.1,47.6271537,-122.3912544,7.3,-42.1,1.14,69.43333333,0.17885557,3.196442111,1.397185797,4.466023519,47.62707679,-122.3912525
15:07:21,9/14/2023,3,3,0:12:26,-7.86384,281,55.78,0.2,47.6271534,-122.3912529,7.4,-42.3,0.97,69.45,0.089568266,2.719779691,1.188833529,3.233365288,47.62707715,-122.3912536
15:07:22,9/14/2023,3,3,0:12:27,-7.9248,278,55.78,0.2,47.6271534,-122.3912529,7.9,-42.4,0.87,69.46666667,0.203800346,2.439390032,1.066273371,2.601056634,47.62707895,-122.3912541
15:07:23,9/14/2023,3,3,0:12:28,-7.9248,279,55.78,0,47.6271542,-122.3912443,8.4,-42.3,0.7,69.48333333,0.20364606,1.962727612,0.857921103,1.683865439,47.62708074,-122.3912536
15:07:24,9/14/2023,3,3,0:12:29,-7.83336,279,55.78,0.1,47.6271543,-122.3912456,8.5,-42.1,0.75,69.5,0.089427782,2.102922442,0.919201182,1.933008795,47.6270811,-122.3912525
15:07:25,9/14/2023,3,3,0:12:30,-7.62,278,55.78,0.1,47.6271547,-122.3912415,8.4,-41.9,0.93,69.51666667,0.089568259,2.607623828,1.139809466,2.972194322,47.62708074,-122.3912514
15:07:26,9/14/2023,3,3,0:12:31,-7.52856,280,55.78,0.1,47.6271537,-122.3912342,8.1,-42,1.07,69.53333333,0.126287376,3.00016935,1.311393687,3.934403145,47.62707966,-122.391252
15:07:27,9/14/2023,3,3,0:12:32,-7.55904,279,55.78,0.1,47.627153,-122.3912304,8,-42.3,1.12,69.55,0.126524445,3.14036418,1.372673765,4.310695523,47.6270793,-122.3912536
15:07:28,9/14/2023,3,3,0:12:33,-7.62,279,55.78,0.1,47.6271508,-122.391239,8.2,-42.5,0.96,69.56666667,0.113238714,2.691740725,1.176577513,3.167041609,47.62708002,-122.3912546
15:07:29,9/14/2023,3,3,0:12:34,-7.65048,279,55.78,0.1,47.6271503,-122.3912465,8.1,-42.8,1,69.58333333,0.126524443,2.803896589,1.225601576,3.436460079,47.62707966,-122.3912562
15:07:30,9/14/2023,3,3,0:12:35,-7.68096,280,55.78,0.1,47.6271502,-122.3912469,8,-43,1.02,69.6,0.089427785,2.859974521,1.250113608,3.575293066,47.6270793,-122.3912573
15:07:31,9/14/2023,3,3,0:12:36,-7.68096,280,55.78,0.1,47.6271499,-122.3912412,7.9,-43.2,1,69.61666667,0.089427783,2.803896589,1.225601576,3.436460079,47.62707895,-122.3912584
15:07:32,9/14/2023,3,3,0:12:37,-7.68096,280,55.78,0.1,47.6271495,-122.3912316,8,-43.5,1.02,69.63333333,0.126673415,2.859974521,1.250113608,3.575293066,47.6270793,-122.39126
15:07:33,9/14/2023,3,3,0:12:38,-7.68096,279,55.78,0.1,47.6271493,-122.3912262,8.1,-43.7,0.99,69.65,0.089568265,2.775857623,1.213345561,3.368074524,47.62707966,-122.391261
15:07:34,9/14/2023,3,3,0:12:39,-7.74192,279,55.76,0.1,47.6271486,-122.3912267,8,-44.1,0.99,69.66666667,0.165004544,2.775857623,1.213345561,3.368074524,47.6270793,-122.3912632
15:07:35,9/14/2023,3,3,0:12:40,-7.74192,283,55.78,0.1,47.627148,-122.3912319,8.1,-44.3,0.94,69.68333333,0.089568266,2.635662794,1.152065482,3.036456126,47.62707966,-122.3912642
15:07:36,9/14/2023,3,3,0:12:41,-7.74192,281,55.78,0.1,47.6271466,-122.3912411,8.4,-44.4,0.93,69.7,0.126436621,2.607623828,1.139809466,2.972194322,47.62708074,-122.3912648
15:07:37,9/14/2023,3,3,0:12:42,-7.74192,281,55.76,0.1,47.6271461,-122.3912521,8.7,-44.5,0.87,69.71666667,0.126436621,2.439390032,1.066273371,2.601056634,47.62708182,-122.3912653
15:07:38,9/14/2023,3,3,0:12:43,-7.74192,282,55.78,0.1,47.6271465,-122.3912524,8.7,-44.7,0.88,69.73333333,0.080086917,2.467428998,1.078529387,2.661194685,47.62708182,-122.3912664
15:07:39,9/14/2023,3,3,0:12:44,-7.7724,283,55.78,0,47.6271457,-122.3912595,8.5,-45,0.71,69.75,0.144144152,1.990766578,0.870177119,1.732319526,47.6270811,-122.391268
15:07:40,9/14/2023,3,3,0:12:45,-7.7724,279,55.76,0.1,47.6271454,-122.3912654,8.3,-45,0.81,69.76666667,0.07989961,2.271156237,0.992737277,2.254661458,47.62708038,-122.391268
15:07:41,9/14/2023,3,3,0:12:46,-7.80288,275,55.78,0.1,47.6271445,-122.3912725,8.3,-44.8,0.81,69.78333333,0.080086918,2.271156237,0.992737277,2.254661458,47.62708038,-122.3912669
15:07:42,9/14/2023,3,3,0:12:47,-7.71144,275,55.78,0.2,47.6271442,-122.391276,8.5,-44.4,0.88,69.8,0.17885557,2.467428998,1.078529387,2.661194685,47.6270811,-122.3912648
15:07:43,9/14/2023,3,3,0:12:48,-7.55904,274,55.78,0.2,47.6271438,-122.3912821,8.6,-43.8,0.82,69.81666667,0.243482026,2.299195203,1.004993293,2.310675757,47.62708146,-122.3912616
15:07:44,9/14/2023,3,3,0:12:49,-7.34568,273,55.78,0.1,47.6271438,-122.3912821,8.7,-43.2,0.99,69.83333333,0.243482024,2.775857623,1.213345561,3.368074524,47.62708182,-122.3912584
15:07:45,9/14/2023,3,3,0:12:50,-7.28472,272,55.78,0.2,47.6271434,-122.3912864,8.7,-42.8,1.1,69.85,0.160173827,3.084286248,1.348161734,4.158116696,47.62708182,-122.3912562
15:07:46,9/14/2023,3,3,0:12:51,-7.37616,275,55.78,0.1,47.6271435,-122.3912905,8.8,-42.3,0.97,69.86666667,0.204087032,2.719779691,1.188833529,3.233365288,47.62708218,-122.3912536
15:07:47,9/14/2023,3,3,0:12:52,-7.52856,278,55.78,0.1,47.6271447,-122.3912869,9,-41.9,0.83,69.88333333,0.178855562,2.327234169,1.017249308,2.367377349,47.6270829,-122.3912514
15:07:48,9/14/2023,3,3,0:12:53,-7.62,279,55.78,0.1,47.6271452,-122.3912869,9.1,-41.5,0.69,69.9,0.16500453,1.934688646,0.845665088,1.636098644,47.62708326,-122.3912493
15:07:49,9/14/2023,3,3,0:12:54,-7.62,265,55.78,0.1,47.6271445,-122.3912951,9.2,-41.1,0.6,69.91666667,0.165004531,1.682337953,0.735360946,1.237125628,47.62708362,-122.3912472
15:07:50,9/14/2023,3,3,0:12:55,-7.55904,258,55.76,0.1,47.6271443,-122.3913044,9.1,-40.8,0.83,69.93333333,0.126673396,2.327234169,1.017249308,2.367377349,47.62708326,-122.3912456
15:07:51,9/14/2023,3,3,0:12:56,-7.49808,258,55.78,0.1,47.6271468,-122.39129,9.1,-40.3,0.66,69.95,0.200217272,1.850571749,0.80889704,1.49692201,47.62708326,-122.3912429
15:07:52,9/14/2023,3,3,0:12:57,-7.49808,259,55.78,0.2,47.6271489,-122.3912814,9.3,-39.9,0.81,69.96666667,0.178855556,2.271156237,0.992737277,2.254661458,47.62708398,-122.3912408
15:07:53,9/14/2023,3,3,0:12:58,-7.65048,259,55.78,0.1,47.627149,-122.3912842,9.6,-39.5,0.64,69.98333333,0.199860199,1.794493817,0.784385009,1.407574048,47.62708505,-122.3912387
15:07:54,9/14/2023,3,3,0:12:59,-7.68096,258,55.78,0.1,47.6271503,-122.3912784,9.6,-39.2,0.66,70,0.120130357,1.850571749,0.80889704,1.49692201,47.62708505,-122.3912371
15:07:55,9/14/2023,3,3,0:13:00,-7.65048,257,55.78,0.1,47.6271515,-122.3912743,9.6,-38.9,0.57,70.01666667,0.120130355,1.598221056,0.698592898,1.11650588,47.62708505,-122.3912355
15:07:56,9/14/2023,3,3,0:13:01,-7.62,273,55.78,0.1,47.6271516,-122.3912824,9.7,-38.6,0.53,70.03333333,0.12652443,1.486065192,0.649568835,0.965301636,47.62708541,-122.3912339
15:07:57,9/14/2023,3,3,0:13:02,-7.62,273,55.78,0,47.6271514,-122.3912862,10,-38.3,0.5,70.05,0.169524658,1.401948294,0.612800788,0.85911502,47.62708649,-122.3912323
15:07:58,9/14/2023,3,3,0:13:03,-7.74192,273,55.78,0.1,47.627151,-122.3912873,9.9,-38.4,0.34,70.06666667,0.05650822,0.95332484,0.416704536,0.397254785,47.62708613,-122.3912328
15:07:59,9/14/2023,3,3,0:13:04,-7.83336,273,55.78,0,47.627152,-122.3912809,9.9,-38.5,0.45,70.08333333,0.040043449,1.261753465,0.551520709,0.695883166,47.62708613,-122.3912333
15:08:00,9/14/2023,3,3,0:13:05,-7.71144,276,55.78,0.1,47.6271506,-122.3912935,9.8,-38.5,0.43,70.1,0.039949803,1.205675533,0.527008678,0.635401469,47.62708577,-122.3912333
15:08:01,9/14/2023,3,3,0:13:06,-7.55904,272,55.78,0.1,47.6271513,-122.3912886,9.3,-38.7,0.73,70.11666667,0.215059811,2.04684451,0.894689151,1.831289576,47.62708398,-122.3912344
15:08:02,9/14/2023,3,3,0:13:07,-7.52856,272,55.78,0.1,47.62715,-122.3912933,9.1,-39.1,0.75,70.13333333,0.178855553,2.102922442,0.919201182,1.933008795,47.62708326,-122.3912365
15:08:03,9/14/2023,3,3,0:13:08,-7.58952,272,55.78,0.2,47.6271489,-122.3912979,9.1,-39.4,0.85,70.15,0.12013036,2.383312101,1.04176134,2.482842407,47.62708326,-122.3912381
15:08:04,9/14/2023,3,3,0:13:09,-7.71144,273,55.78,0.1,47.6271487,-122.3913021,9.2,-39.7,0.61,70.16666667,0.126673392,1.710376919,0.747616962,1.278706795,47.62708362,-122.3912397
15:08:05,9/14/2023,3,3,0:13:10,-7.71144,273,55.78,0.1,47.6271484,-122.3913058,9.2,-39.9,0.53,70.18333333,0.080086907,1.486065192,0.649568835,0.965301636,47.62708362,-122.3912408
15:08:06,9/14/2023,3,3,0:13:11,-7.43712,276,55.78,0.1,47.6271484,-122.3913095,9,-39.9,0.81,70.2,0.079899607,2.271156237,0.992737277,2.254661458,47.6270829,-122.3912408
15:08:07,9/14/2023,3,3,0:13:12,-7.28472,275,55.78,0.1,47.627146,-122.3913185,8.6,-40.1,1.06,70.21666667,0.178604068,2.972130384,1.299137671,3.861206545,47.62708146,-122.3912419
15:08:08,9/14/2023,3,3,0:13:13,-7.34568,274,55.78,0.1,47.6271476,-122.3913226,8.4,-40.3,0.89,70.23333333,0.113016442,2.495467964,1.090785403,2.722020029,47.62708074,-122.3912429
15:08:09,9/14/2023,3,3,0:13:14,-7.4676,273,55.78,0.1,47.6271461,-122.3913223,8.4,-40.7,0.93,70.25,0.160173822,2.607623828,1.139809466,2.972194322,47.62708074,-122.3912451
15:08:10,9/14/2023,3,3,0:13:15,-7.55904,270,55.78,0,47.62715,-122.391312,8.2,-40.9,0.95,70.26666667,0.113016443,2.66370176,1.164321497,3.101405221,47.62708002,-122.3912461
15:08:11,9/14/2023,3,3,0:13:16,-7.55904,270,55.78,0,47.6271464,-122.3913235,8.2,-40.9,0.87,70.28333333,0,2.439390032,1.066273371,2.601056634,47.62708002,-122.3912461
15:08:12,9/14/2023,3,3,0:13:17,-7.49808,253,55.78,0.1,47.6271433,-122.3913275,8,-40.8,0.96,70.3,0.08944271,2.691740725,1.176577513,3.167041609,47.6270793,-122.3912456
15:08:13,9/14/2023,3,3,0:13:18,-7.43712,235,55.78,0.1,47.6271437,-122.3913257,7.7,-40.7,1.01,70.31666667,0.126436618,2.831935555,1.237857592,3.505532927,47.62707823,-122.3912451
15:08:14,9/14/2023,3,3,0:13:19,-7.43712,218,55.78,0.1,47.6271435,-122.3913208,7.4,-40.6,1.01,70.33333333,0.126436619,2.831935555,1.237857592,3.505532927,47.62707715,-122.3912445
15:08:15,9/14/2023,3,3,0:13:20,-7.34568,204,55.78,0.2,47.6271435,-122.3913166,7.1,-40.5,1.11,70.35,0.126436621,3.112325214,1.36041775,4.234062464,47.62707607,-122.391244
15:08:16,9/14/2023,3,3,0:13:21,-7.13232,191,55.78,0.1,47.6271409,-122.3913197,6.8,-40.3,1.35,70.36666667,0.144275827,3.785260395,1.654562128,6.262948494,47.62707499,-122.3912429
15:08:17,9/14/2023,3,3,0:13:22,-7.07136,173,55.78,0.1,47.6271414,-122.391311,6.6,-40.1,1.41,70.38333333,0.113238719,3.95349419,1.728098223,6.832026283,47.62707427,-122.3912419
15:08:18,9/14/2023,3,3,0:13:23,-7.13232,161,55.78,0.1,47.62714,-122.3913135,6.7,-39.9,1.39,70.4,0.089427785,3.897416259,1.703586191,6.639584519,47.62707463,-122.3912408
15:08:19,9/14/2023,3,3,0:13:24,-7.19328,144,55.78,0.1,47.6271377,-122.3913182,6.9,-39.6,1.35,70.41666667,0.144144153,3.785260395,1.654562128,6.262948494,47.62707535,-122.3912392
15:08:20,9/14/2023,3,3,0:13:25,-7.25424,132,55.78,0.1,47.6271379,-122.3913187,7.1,-39.4,1.23,70.43333333,0.113016445,3.448792804,1.507489939,5.199020454,47.62707607,-122.3912381
15:08:21,9/14/2023,3,3,0:13:26,-7.25424,118,55.78,0.1,47.6271361,-122.3913271,7.3,-39.2,1.29,70.45,0.113016441,3.6170266,1.581026033,5.718613218,47.62707679,-122.3912371
15:08:22,9/14/2023,3,3,0:13:27,-7.25424,101,55.78,0.1,47.6271333,-122.3913403,7.5,-39,1.26,70.46666667,0.113016442,3.532909702,1.544257986,5.455724022,47.62707751,-122.391236
15:08:23,9/14/2023,3,3,0:13:28,-7.25424,92,55.78,0.1,47.6271315,-122.3913476,7.7,-38.9,1.2,70.48333333,0.089302035,3.364675907,1.470721892,4.948502514,47.62707823,-122.3912355
15:08:24,9/14/2023,3,3,0:13:29,-7.25424,77,55.78,0.1,47.6271331,-122.3913512,7.8,-38.7,1.19,70.5,0.08942778,3.336636941,1.458465876,4.866371118,47.62707859,-122.3912344
15:08:25,9/14/2023,3,3,0:13:30,-7.25424,62,55.78,0.1,47.6271359,-122.3913466,8.1,-38.6,1.13,70.51666667,0.126287374,3.168403146,1.384929781,4.388015875,47.62707966,-122.3912339
15:08:26,9/14/2023,3,3,0:13:31,-7.3152,53,55.78,0.1,47.6271354,-122.3913522,8.3,-38.6,1.04,70.53333333,0.079899608,2.916052453,1.274625639,3.716875222,47.62708038,-122.3912339
15:08:27,9/14/2023,3,3,0:13:32,-7.49808,36,55.78,0.1,47.6271363,-122.3913563,8.6,-38.6,0.89,70.55,0.119849409,2.495467964,1.090785403,2.722020029,47.62708146,-122.3912339
15:08:28,9/14/2023,3,3,0:13:33,-7.7724,22,55.78,0.1,47.6271401,-122.3913523,9,-38.8,0.83,70.56666667,0.178885409,2.327234169,1.017249308,2.367377349,47.6270829,-122.3912349
15:08:29,9/14/2023,3,3,0:13:34,-7.83336,24,55.78,0,47.6271406,-122.3913628,9.1,-38.8,0.59,70.58333333,0.039949803,1.654298987,0.72310493,1.196231754,47.62708326,-122.3912349
15:08:30,9/14/2023,3,3,0:13:35,-7.86384,12,55.78,0.1,47.6271413,-122.3913668,9.2,-38.7,0.66,70.6,0.05650822,1.850571749,0.80889704,1.49692201,47.62708362,-122.3912344
15:08:31,9/14/2023,3,3,0:13:36,-8.0772,354,55.81,0.1,47.6271455,-122.3913626,9.5,-38.8,0.45,70.61666667,0.12643661,1.261753465,0.551520709,0.695883166,47.62708469,-122.3912349
15:08:32,9/14/2023,3,3,0:13:37,-8.2296,356,55.81,0.1,47.6271514,-122.3913496,9.7,-39,0.12,70.63333333,0.1132387,0.336467591,0.147072189,0.049485025,47.62708541,-122.391236
15:08:33,9/14/2023,3,3,0:13:38,-8.10768,357,55.81,0.1,47.6271538,-122.3913498,10,-39,0.23,70.65,0.11984941,0.644896215,0.281888363,0.181788738,47.62708649,-122.391236
15:08:34,9/14/2023,3,3,0:13:39,-7.80288,357,55.78,0.1,47.6271561,-122.3913444,10.2,-39.1,0.3,70.66666667,0.089442701,0.841168977,0.367680473,0.309281407,47.62708721,-122.3912365
15:08:35,9/14/2023,3,3,0:13:40,-7.62,359,55.78,0.1,47.6271628,-122.391335,10.2,-39,0.52,70.68333333,0.04004345,1.458026226,0.63731282,0.929218805,47.62708721,-122.391236
15:08:36,9/14/2023,3,3,0:13:41,-7.55904,356,55.78,0,47.6271637,-122.3913316,10,-39,0.47,70.7,0.079899604,1.317831397,0.576032741,0.759114031,47.62708649,-122.391236
15:08:37,9/14/2023,3,3,0:13:42,-7.55904,354,55.78,0,47.6271637,-122.3913316,10.1,-39.1,0.58,70.71666667,0.056619349,1.626260022,0.710848914,1.156025171,47.62708685,-122.3912365
15:08:38,9/14/2023,3,3,0:13:43,-7.58952,357,55.78,0.1,47.627167,-122.3913199,10.1,-38.9,0.63,70.73333333,0.080086902,1.766454851,0.772128993,1.363931005,47.62708685,-122.3912355
15:08:39,9/14/2023,3,3,0:13:44,-7.58952,357,55.78,0,47.6271692,-122.391305,10,-38.8,0.67,70.75,0.056619349,1.878610715,0.821153056,1.54262693,47.62708649,-122.3912349
15:08:40,9/14/2023,3,3,0:13:45,-7.58952,353,55.78,0,47.6271707,-122.3912924,10,-38.8,0.62,70.76666667,0,1.738415885,0.759872977,1.320975254,47.62708649,-122.3912349
15:08:41,9/14/2023,3,3,0:13:46,-7.7724,338,55.78,0.1,47.6271739,-122.391269,10.2,-39,0.51,70.78333333,0.113238696,1.42998726,0.625056804,0.893823267,47.62708721,-122.391236
15:08:42,9/14/2023,3,3,0:13:47,-7.95528,334,55.78,0.1,47.6271727,-122.3912722,10.3,-39.2,0.2,70.8,0.089568243,0.560779318,0.245120315,0.137458403,47.62708757,-122.3912371
15:08:43,9/14/2023,3,3,0:13:48,-8.10768,315,55.81,0,47.6271734,-122.3912705,10.4,-39.3,0.13,70.81666667,0.056619347,0.364506557,0.159328205,0.058076175,47.62708793,-122.3912376
15:08:44,9/14/2023,3,3,0:13:49,-8.13816,304,55.78,0,47.6271741,-122.3912675,10.5,-39.4,0.15,70.83333333,0.056619349,0.420584488,0.183840236,0.077320352,47.62708829,-122.3912381
15:08:45,9/14/2023,3,3,0:13:50,-8.0772,301,55.78,0.1,47.6271746,-122.3912666,10.4,-39.5,0.12,70.85,0.056508219,0.336467591,0.147072189,0.049485025,47.62708793,-122.3912387
15:08:46,9/14/2023,3,3,0:13:51,-7.89432,311,55.78,0,47.6271742,-122.3912687,10.3,-39.2,0.35,70.86666667,0.126673381,0.981363806,0.428960552,0.42096636,47.62708757,-122.3912371
15:08:47,9/14/2023,3,3,0:13:52,-7.7724,305,55.78,0.1,47.6271732,-122.3912732,10.5,-39.4,0.4,70.88333333,0.113238696,1.121558636,0.490240631,0.549833613,47.62708829,-122.3912381
15:08:48,9/14/2023,3,3,0:13:53,-7.71144,302,55.78,0,47.6271732,-122.3912733,10.6,-39.6,0.45,70.9,0.089568242,1.261753465,0.551520709,0.695883166,47.62708865,-122.3912392
15:08:49,9/14/2023,3,3,0:13:54,-7.62,301,55.78,0.1,47.6271729,-122.3912736,10.4,-39.6,0.52,70.91666667,0.079899607,1.458026226,0.63731282,0.929218805,47.62708793,-122.3912392
15:08:50,9/14/2023,3,3,0:13:55,-7.37616,299,55.78,0.2,47.627173,-122.3912717,10.1,-39.5,0.77,70.93333333,0.126436611,2.159000373,0.943713214,2.037477181,47.62708685,-122.3912387
15:08:51,9/14/2023,3,3,0:13:56,-7.07136,308,55.78,0.1,47.6271734,-122.3912614,9.6,-39.2,1.05,70.95,0.233292219,2.944091418,1.286881655,3.788697237,47.62708505,-122.3912371
15:08:52,9/14/2023,3,3,0:13:57,-6.94944,317,55.78,0.1,47.6271713,-122.3912679,9.4,-38.8,1.18,70.96666667,0.179136494,3.308597975,1.44620986,4.784927014,47.62708434,-122.3912349
15:08:53,9/14/2023,3,3,0:13:58,-6.91896,328,55.78,0.1,47.6271696,-122.3912749,9.4,-38.6,1.2,70.98333333,0.080086904,3.364675907,1.470721892,4.948502514,47.62708434,-122.3912339
15:08:54,9/14/2023,3,3,0:13:59,-6.97992,338,55.78,0.1,47.6271697,-122.3912699,9.4,-38.3,1.14,71,0.120130356,3.196442111,1.397185797,4.466023519,47.62708434,-122.3912323
15:08:55,9/14/2023,3,3,0:14:00,-7.07136,336,55.78,0,47.6271701,-122.391262,9.5,-38.2,1.02,71.01666667,0.056508218,2.859974521,1.250113608,3.575293066,47.62708469,-122.3912317
15:08:56,9/14/2023,3,3,0:14:01,-7.13232,335,55.78,0,47.6271701,-122.391262,9.5,-38.2,0.93,71.03333333,0,2.607623828,1.139809466,2.972194322,47.62708469,-122.3912317
15:08:57,9/14/2023,3,3,0:14:02,-7.1628,335,55.78,0.1,47.6271711,-122.3912532,9.6,-38.1,0.88,71.05,0.056508221,2.467428998,1.078529387,2.661194685,47.62708505,-122.3912312
15:08:58,9/14/2023,3,3,0:14:03,-7.0104,334,55.78,0.2,47.6271704,-122.3912522,9.4,-37.9,1.04,71.06666667,0.113238697,2.916052453,1.274625639,3.716875222,47.62708434,-122.3912301
15:08:59,9/14/2023,3,3,0:14:04,-6.67512,337,55.78,0.1,47.6271705,-122.3912543,9,-37.7,1.22,71.08333333,0.178885405,3.420753839,1.495233923,5.114827182,47.6270829,-122.3912291
15:09:00,9/14/2023,3,3,0:14:05,-6.46176,336,55.78,0.1,47.6271699,-122.3912481,8.8,-37.4,1.69,71.1,0.144405558,4.738585235,2.071266664,9.814873632,47.62708218,-122.3912275
15:09:01,9/14/2023,3,3,0:14:06,-6.43128,335,55.78,0,47.62717,-122.3912448,8.8,-37.3,1.26,71.11666667,0.040043452,3.532909702,1.544257986,5.455724022,47.62708218,-122.3912269
15:09:02,9/14/2023,3,3,0:14:07,-6.52272,328,55.76,0,47.6271678,-122.3912563,8.8,-37.3,1.62,71.13333333,0,4.542312474,1.985474554,9.018645832,47.62708218,-122.3912269
15:09:03,9/14/2023,3,3,0:14:08,-6.61416,312,55.78,0,47.627167,-122.3912655,8.8,-37.5,1.53,71.15,0.080086905,4.289961781,1.875170412,8.044409399,47.62708218,-122.391228
15:09:04,9/14/2023,3,3,0:14:09,-6.67512,304,55.78,0,47.6271686,-122.3912564,8.8,-37.6,1.4,71.16666667,0.040043452,3.925455225,1.715842207,6.735461755,47.62708218,-122.3912285
15:09:05,9/14/2023,3,3,0:14:10,-6.7056,286,55.78,0,47.6271693,-122.3912534,8.8,-37.7,1.34,71.18333333,0.040043453,3.757221429,1.642306112,6.170507718,47.62708218,-122.3912291
15:09:06,9/14/2023,3,3,0:14:11,-6.67512,271,55.78,0,47.6271708,-122.3912508,8.7,-37.6,1.43,71.2,0.05661935,4.009572122,1.752610254,7.027217216,47.62708182,-122.3912285
15:09:07,9/14/2023,3,3,0:14:12,-6.61416,255,55.78,0,47.6271708,-122.3912508,8.7,-37.5,1.45,71.21666667,0.040043452,4.065650054,1.777122286,7.225157316,47.62708182,-122.391228
15:09:08,9/14/2023,3,3,0:14:13,-6.58368,239,55.78,0.1,47.627172,-122.3912506,8.6,-37.4,1.61,71.23333333,0.056619351,4.514273508,1.973218538,8.907648171,47.62708146,-122.3912275
15:09:09,9/14/2023,3,3,0:14:14,-6.58368,236,55.78,0.1,47.6271708,-122.3912638,8.4,-37.4,1.31,71.25,0.079899605,3.673104532,1.605538065,5.897309142,47.62708074,-122.3912275
15:09:10,9/14/2023,3,3,0:14:15,-6.64464,218,55.78,0.1,47.6271711,-122.391268,8.2,-37.4,1.68,71.26666667,0.079899608,4.710546269,2.059010648,9.699064927,47.62708002,-122.3912275
15:09:11,9/14/2023,3,3,0:14:16,-6.7056,206,55.78,0.1,47.6271719,-122.3912613,7.9,-37.2,1.68,71.28333333,0.144275813,4.710546269,2.059010648,9.699064927,47.62707895,-122.3912264
15:09:12,9/14/2023,3,3,0:14:17,-6.73608,199,55.78,0.1,47.6271723,-122.3912567,7.9,-37,1.85,71.3,0.080086909,5.18720869,2.267362916,11.76128462,47.62707895,-122.3912253
15:09:13,9/14/2023,3,3,0:14:18,-6.73608,180,55.78,0.1,47.6271723,-122.3912567,7.9,-36.7,1.63,71.31666667,0.120130362,4.57035144,1.997730569,9.130330784,47.62707895,-122.3912237
15:09:14,9/14/2023,3,3,0:14:19,-6.67512,167,55.78,0.1,47.6271733,-122.3912476,7.9,-36.3,1.6,71.33333333,0.160173814,4.486234542,1.960962522,8.797337803,47.62707895,-122.3912216
15:09:15,9/14/2023,3,3,0:14:20,-6.64464,153,55.78,0.1,47.6271734,-122.3912405,7.8,-36.2,1.65,71.35,0.056619353,4.626429372,2.022242601,9.355762565,47.62707859,-122.3912211
15:09:16,9/14/2023,3,3,0:14:21,-6.64464,135,55.78,0.1,47.6271719,-122.3912455,7.7,-35.8,1.75,71.36666667,0.16515684,4.906819031,2.144802758,10.52415899,47.62707823,-122.3912189
15:09:17,9/14/2023,3,3,0:14:22,-6.67512,127,55.78,0.1,47.6271716,-122.3912421,7.7,-35.7,1.7,71.38333333,0.040043454,4.766624201,2.08352268,9.931369629,47.62707823,-122.3912184
15:09:18,9/14/2023,3,3,0:14:23,-6.7056,108,55.78,0.1,47.6271707,-122.3912375,7.7,-35.4,1.73,71.4,0.120130359,4.850741099,2.120290727,10.28498137,47.62707823,-122.3912168
15:09:19,9/14/2023,3,3,0:14:24,-6.67512,91,55.78,0.1,47.6271706,-122.3912338,7.9,-35.1,1.58,71.41666667,0.144144146,4.430156611,1.936450491,8.578778942,47.62707895,-122.3912152
15:09:20,9/14/2023,3,3,0:14:25,-6.64464,84,55.78,0.1,47.6271698,-122.3912295,8,-34.9,1.57,71.43333333,0.089427777,4.402117645,1.924194475,8.470530449,47.6270793,-122.3912141
15:09:21,9/14/2023,3,3,0:14:26,-6.64464,85,55.78,0,47.6271698,-122.391228,8,-34.8,1.59,71.45,0.040043451,4.458195576,1.948706506,8.687714726,47.6270793,-122.3912136
15:09:22,9/14/2023,3,3,0:14:27,-6.64464,85,55.78,0,47.6271694,-122.3912294,7.9,-34.8,1.62,71.46666667,0.039949804,4.542312474,1.985474554,9.018645832,47.62707895,-122.3912136
15:09:23,9/14/2023,3,3,0:14:28,-6.64464,67,55.78,0,47.6271699,-122.391224,7.9,-34.6,1.58,71.48333333,0.080086903,4.430156611,1.936450491,8.578778942,47.62707895,-122.3912125
15:09:24,9/14/2023,3,3,0:14:29,-6.5532,50,55.78,0.1,47.6271697,-122.3912192,8.1,-34.5,1.77,71.5,0.089302034,4.962896962,2.16931479,10.76608578,47.62707966,-122.391212
15:09:25,9/14/2023,3,3,0:14:30,-6.46176,45,55.78,0.1,47.6271695,-122.3912119,8.2,-34.3,1.93,71.51666667,0.089427777,5.411520417,2.365411042,12.80047015,47.62708002,-122.3912109
15:09:26,9/14/2023,3,3,0:14:31,-6.4008,42,55.78,0,47.6271696,-122.3912046,8.2,-34.3,2.18,71.53333333,0,6.112494564,2.671811436,16.33143288,47.62708002,-122.3912109
15:09:27,9/14/2023,3,3,0:14:32,-6.4008,42,55.78,0.1,47.6271692,-122.3912067,8.1,-34.1,2,71.55,0.089568245,5.607793178,2.451203153,13.74584032,47.62707966,-122.3912099
15:09:28,9/14/2023,3,3,0:14:33,-6.30936,64,55.78,0.1,47.627169,-122.3912112,7.7,-34,2.17,71.56666667,0.164816292,6.084455598,2.659555421,16.18194687,47.62707823,-122.3912093
15:09:29,9/14/2023,3,3,0:14:34,-6.18744,70,55.78,0.2,47.6271689,-122.3912088,7.3,-33.9,2.11,71.58333333,0.164816292,5.916221803,2.586019326,15.29946392,47.62707679,-122.3912088
15:09:30,9/14/2023,3,3,0:14:35,-6.12648,94,55.78,0.1,47.6271674,-122.3911994,6.9,-33.8,2.26,71.6,0.164816295,6.336806291,2.769859562,17.5520635,47.62707535,-122.3912083
15:09:31,9/14/2023,3,3,0:14:36,-6.12648,104,55.78,0.1,47.6271664,-122.3911936,6.6,-33.6,2.38,71.61666667,0.144275813,6.673273882,2.916931752,19.46548447,47.62707427,-122.3912072
15:09:32,9/14/2023,3,3,0:14:37,-6.06552,119,55.78,0.1,47.6271657,-122.3911924,6.3,-33.4,2.27,71.63333333,0.144275814,6.364845257,2.782115578,17.70773514,47.6270732,-122.3912061
15:09:33,9/14/2023,3,3,0:14:38,-5.9436,112,55.78,0.1,47.627165,-122.391201,6,-33.1,2.55,71.65,0.169858062,7.149936302,3.12528402,22.34558166,47.62707212,-122.3912045
15:09:34,9/14/2023,3,3,0:14:39,-5.91312,112,55.78,0.1,47.6271642,-122.3912057,5.9,-32.7,2.53,71.66666667,0.165156847,7.09385837,3.100771988,21.99643732,47.62707176,-122.3912024
15:09:35,9/14/2023,3,3,0:14:40,-5.97408,113,55.78,0.1,47.6271638,-122.3912068,5.6,-32.5,2.57,71.68333333,0.144275818,7.206014234,3.149796051,22.69747518,47.62707068,-122.3912013
15:09:36,9/14/2023,3,3,0:14:41,-5.97408,125,55.81,0.1,47.6271613,-122.391221,5.4,-32.3,2.45,71.7,0.113238708,6.869546643,3.002723862,20.62735163,47.62706996,-122.3912003
15:09:37,9/14/2023,3,3,0:14:42,-5.9436,146,55.78,0.1,47.6271596,-122.3912243,5,-32.4,2.61,71.71666667,0.164663667,7.318170097,3.198820114,23.40950971,47.62706853,-122.3912008
15:09:38,9/14/2023,3,3,0:14:43,-5.91312,144,55.78,0.1,47.6271596,-122.3912243,4.7,-32.2,2.67,71.73333333,0.144275822,7.486403893,3.272356209,24.49818026,47.62706745,-122.3911997
15:09:39,9/14/2023,3,3,0:14:44,-5.76072,145,55.81,0,47.627158,-122.3912209,4.8,-32.4,2.81,71.75,0.08956826,7.878949415,3.443940429,27.13463243,47.62706781,-122.3912008
15:09:40,9/14/2023,3,3,0:14:45,-5.42544,145,55.78,0,47.6271569,-122.3912164,4.8,-32.4,3.2,71.76666667,0,8.972469085,3.921925044,35.18935121,47.62706781,-122.3912008
15:09:41,9/14/2023,3,3,0:14:46,-5.334,165,55.78,0,47.6271565,-122.3912137,4.7,-32.4,0,71.78333333,0.039949804,0,0,0,47.62706745,-122.3912008
15:09:42,9/14/2023,3,3,0:14:47,-5.334,162,55.78,0,47.6271561,-122.3912117,4.6,-32.5,3.64,71.8,0.056508222,10.20618358,4.461189738,45.53172146,47.62706709,-122.3912013
15:09:43,9/14/2023,3,3,0:14:48,-5.39496,160,55.78,0,47.6271555,-122.3912214,4.4,-32.4,3.76,71.81666667,0.089442711,10.54265117,4.608261927,48.58329801,47.62706637,-122.3912008
15:09:44,9/14/2023,3,3,0:14:49,-5.36448,168,55.81,0.1,47.6271547,-122.3912296,4.2,-32.4,3.72,71.83333333,0.079899607,10.43049531,4.559237864,47.55510916,47.62706565,-122.3912008
15:09:45,9/14/2023,3,3,0:14:50,-5.334,154,55.81,0,47.6271534,-122.3912313,4.1,-32.4,3.77,71.85,0.039949805,10.57069014,4.620517943,48.84206346,47.62706529,-122.3912008
15:09:46,9/14/2023,3,3,0:14:51,-5.36448,139,55.81,0,47.6271525,-122.3912382,4,-32.2,3.94,71.86666667,0.089568264,11.04735256,4.828870211,53.34623168,47.62706493,-122.3911997
15:09:47,9/14/2023,3,3,0:14:52,-5.36448,118,55.81,0.1,47.6271504,-122.3912425,4,-31.9,3.74,71.88333333,0.120130376,10.48657324,4.583749895,48.067829,47.62706493,-122.3911981
15:09:48,9/14/2023,3,3,0:14:53,-5.36448,105,55.81,0,47.6271494,-122.3912383,4,-31.8,3.76,71.9,0.040043459,10.54265117,4.608261927,48.58329801,47.62706493,-122.3911976
15:09:49,9/14/2023,3,3,0:14:54,-5.36448,87,55.83,0,47.6271476,-122.3912273,4.1,-31.9,3.58,71.91666667,0.056619358,10.03794979,4.387653643,44.04304696,47.62706529,-122.3911981
15:09:50,9/14/2023,3,3,0:14:55,-5.36448,67,55.81,0.1,47.6271472,-122.3912253,4.2,-31.9,3.72,71.93333333,0.039949804,10.43049531,4.559237864,47.55510916,47.62706565,-122.3911981
15:09:51,9/14/2023,3,3,0:14:56,-5.36448,50,55.83,0.1,47.6271458,-122.3912231,4.4,-32,3.72,71.95,0.089442711,10.43049531,4.559237864,47.55510916,47.62706637,-122.3911987
15:09:52,9/14/2023,3,3,0:14:57,-5.39496,37,55.83,0.1,47.6271451,-122.3912208,4.6,-32,3.8,71.96666667,0.079899607,10.65480704,4.65728599,49.62248354,47.62706709,-122.3911987
15:09:53,9/14/2023,3,3,0:14:58,-5.36448,17,55.83,0.1,47.6271443,-122.3912236,4.6,-32,3.79,71.98333333,0,10.62676807,4.645029974,49.36165622,47.62706709,-122.3911987
15:09:54,9/14/2023,3,3,0:14:59,-5.30352,0,55.85,0.1,47.6271434,-122.3912214,4.8,-32.2,3.71,72,0.113238715,10.40245635,4.546981848,47.29978018,47.62706781,-122.3911997
15:09:55,9/14/2023,3,3,0:15:00,-5.30352,344,55.85,0.1,47.6271436,-122.3912175,4.8,-32.4,3.95,72.01666667,0.080086913,11.07539153,4.841126226,53.61736838,47.62706781,-122.3912008
15:09:56,9/14/2023,3,3,0:15:01,-5.334,327,55.85,0.1,47.6271438,-122.3912206,4.8,-32.6,4.04,72.03333333,0.080086916,11.32774222,4.951430368,56.08852683,47.62706781,-122.3912019
15:09:57,9/14/2023,3,3,0:15:02,-5.39496,321,55.85,0.1,47.6271436,-122.3912213,4.6,-32.8,4.18,72.05,0.113016442,11.72028774,5.123014589,60.04320509,47.62706709,-122.3912029
15:09:58,9/14/2023,3,3,0:15:03,-5.6388,324,55.85,0,47.6271427,-122.3912179,4.7,-32.9,3.88,72.06666667,0.056619357,10.87911877,4.755334116,51.73384462,47.62706745,-122.3912035
15:09:59,9/14/2023,3,3,0:15:04,-5.85216,325,55.85,0,47.6271417,-122.39122,4.6,-33.1,3.87,72.08333333,0.089427783,10.8510798,4.7430781,51.46751896,47.62706709,-122.3912045
15:10:00,9/14/2023,3,3,0:15:05,-5.85216,325,55.85,0,47.627141,-122.3912226,4.7,-33.2,3.59,72.1,0.056619358,10.06598875,4.399909659,44.28944115,47.62706745,-122.3912051
15:10:01,9/14/2023,3,3,0:15:06,-5.82168,326,55.85,0,47.6271403,-122.3912223,4.7,-33.2,3.59,72.11666667,0,10.06598875,4.399909659,44.28944115,47.62706745,-122.3912051
15:10:02,9/14/2023,3,3,0:15:07,-5.7912,332,55.85,0.1,47.6271399,-122.3912216,4.8,-33.1,3.93,72.13333333,0.056508221,11.01931359,4.816614195,53.07578228,47.62706781,-122.3912045
15:10:03,9/14/2023,3,3,0:15:08,-5.76072,339,55.85,0.1,47.6271393,-122.3912191,4.8,-32.9,3.75,72.15,0.080086917,10.51461221,4.596005911,48.32521986,47.62706781,-122.3912035
15:10:04,9/14/2023,3,3,0:15:09,-5.7912,342,55.85,0,47.6271375,-122.3912222,4.8,-32.9,3.55,72.16666667,0,9.953832891,4.350885596,43.30798815,47.62706781,-122.3912035
15:10:05,9/14/2023,3,3,0:15:10,-5.7912,341,55.83,0,47.6271369,-122.3912267,4.9,-32.8,3.52,72.18333333,0.056508222,9.869715993,4.314117549,42.57911496,47.62706817,-122.3912029
15:10:06,9/14/2023,3,3,0:15:11,-5.7912,343,55.85,0,47.6271362,-122.3912242,4.9,-32.9,3.35,72.2,0.04004346,9.393053573,4.105765281,38.56567324,47.62706817,-122.3912035
15:10:07,9/14/2023,3,3,0:15:12,-5.7912,327,55.85,0,47.6271359,-122.3912225,4.9,-32.9,3.27,72.21666667,0,9.168741846,4.007717154,36.74572398,47.62706817,-122.3912035
15:10:08,9/14/2023,3,3,0:15:13,-5.9436,328,55.85,0.1,47.6271354,-122.3912228,4.9,-33,3.16,72.23333333,0.040043456,8.860313221,3.872900981,34.31511577,47.62706817,-122.391204
15:10:09,9/14/2023,3,3,0:15:14,-6.33984,331,55.85,0,47.6271342,-122.3912113,5,-32.9,2.79,72.25,0.056508222,7.822871483,3.419428398,26.7497489,47.62706853,-122.3912035
15:10:10,9/14/2023,3,3,0:15:15,-6.52272,332,55.85,0,47.627133,-122.3912047,4.9,-32.8,2.72,72.26666667,0.056619358,7.626598722,3.333636287,25.42430625,47.62706817,-122.3912029
15:10:11,9/14/2023,3,3,0:15:16,-6.52272,332,55.85,0,47.6271305,-122.3912316,4.9,-32.9,2.57,72.28333333,0.04004346,7.206014234,3.149796051,22.69747518,47.62706817,-122.3912035
15:10:12,9/14/2023,3,3,0:15:17,-6.5532,333,55.85,0,47.6271295,-122.3912351,4.9,-32.9,2.8,72.3,0,7.850910449,3.431684414,26.94184702,47.62706817,-122.3912035
15:10:13,9/14/2023,3,3,0:15:18,-6.79704,333,55.85,0,47.627129,-122.3912349,4.9,-32.9,2.33,72.31666667,0,6.533079052,2.855651673,18.65619812,47.62706817,-122.3912035
15:10:14,9/14/2023,3,3,0:15:19,-6.97992,332,55.85,0,47.627128,-122.3912291,4.9,-32.8,2.31,72.33333333,0.04004346,6.47700112,2.831139641,18.33729463,47.62706817,-122.3912029
15:10:15,9/14/2023,3,3,0:15:20,-6.94944,330,55.85,0.1,47.6271272,-122.3912199,5,-32.9,2.19,72.35,0.056619358,6.14053353,2.684067452,16.48160619,47.62706853,-122.3912035
15:10:16,9/14/2023,3,3,0:15:21,-6.88848,330,55.85,0,47.6271262,-122.3912128,5.2,-33.1,2.28,72.36666667,0.113238712,6.392884223,2.794371594,17.86409408,47.62706924,-122.3912045
15:10:17,9/14/2023,3,3,0:15:22,-7.10184,334,55.85,0.1,47.6271251,-122.3912261,5.3,-33.2,2.13,72.38333333,0.056619356,5.972299734,2.610531357,15.59087573,47.6270696,-122.3912051
15:10:18,9/14/2023,3,3,0:15:23,-7.3152,332,55.85,0,47.6271244,-122.3912031,5.3,-33.3,1.75,72.4,0.040043457,4.906819031,2.144802758,10.52415899,47.6270696,-122.3912056
15:10:19,9/14/2023,3,3,0:15:24,-7.37616,330,55.83,0.1,47.6271244,-122.3912031,5.4,-33.4,1.66,72.41666667,0.056619357,4.654468338,2.034498617,9.469509394,47.62706996,-122.3912061
15:10:20,9/14/2023,3,3,0:15:25,-7.34568,330,55.83,0.1,47.6271233,-122.3911929,5.6,-33.5,1.64,72.43333333,0.089442708,4.598390406,2.009986585,9.242703029,47.62707068,-122.3912067
15:10:21,9/14/2023,3,3,0:15:26,-7.25424,329,55.83,0.1,47.6271231,-122.391207,5.8,-33.5,1.74,72.45,0.079899609,4.878780065,2.132546743,10.40422654,47.6270714,-122.3912067
15:10:22,9/14/2023,3,3,0:15:27,-7.19328,329,55.81,0.1,47.6271236,-122.3912129,6,-33.6,1.91,72.46666667,0.089442706,5.355442485,2.340899011,12.53655001,47.62707212,-122.3912072
15:10:23,9/14/2023,3,3,0:15:28,-7.22376,328,55.81,0.1,47.627124,-122.3911977,6.3,-33.6,1.72,72.48333333,0.119849411,4.822702133,2.108034711,10.1664235,47.6270732,-122.3912072
15:10:24,9/14/2023,3,3,0:15:29,-7.37616,329,55.81,0.1,47.6271236,-122.3912172,6.4,-33.6,1.61,72.5,0.039949804,4.514273508,1.973218538,8.907648171,47.62707356,-122.3912072
15:10:25,9/14/2023,3,3,0:15:30,-7.43712,329,55.81,0.1,47.6271238,-122.3912128,6.7,-33.7,1.5,72.51666667,0.126436614,4.205844883,1.838402364,7.732035178,47.62707463,-122.3912077
15:10:26,9/14/2023,3,3,0:15:31,-7.40664,324,55.81,0.1,47.6271238,-122.3912276,6.9,-33.9,1.44,72.53333333,0.113238705,4.037611088,1.76486627,7.12584362,47.62707535,-122.3912088
15:10:27,9/14/2023,3,3,0:15:32,-7.34568,326,55.81,0.1,47.6271245,-122.3912153,7.1,-34.2,1.42,72.55,0.144405566,3.981533156,1.740354238,6.929278104,47.62707607,-122.3912104
15:10:28,9/14/2023,3,3,0:15:33,-7.3152,321,55.81,0.1,47.6271264,-122.3912267,7.3,-34.6,1.41,72.56666667,0.179136501,3.95349419,1.728098223,6.832026283,47.62707679,-122.3912125
15:10:29,9/14/2023,3,3,0:15:34,-7.3152,310,55.81,0.1,47.6271265,-122.391238,7.5,-34.9,1.4,72.58333333,0.144405563,3.925455225,1.715842207,6.735461755,47.62707751,-122.3912141
15:10:30,9/14/2023,3,3,0:15:35,-7.3152,305,55.81,0.1,47.6271266,-122.3912474,7.6,-35.2,1.37,72.6,0.126673392,3.841338327,1.67907416,6.449891923,47.62707787,-122.3912157
15:10:31,9/14/2023,3,3,0:15:36,-7.3152,305,55.81,0.1,47.6271276,-122.3912624,7.7,-35.4,1.44,72.61666667,0.089568252,4.037611088,1.76486627,7.12584362,47.62707823,-122.3912168
15:10:32,9/14/2023,3,3,0:15:37,-7.3152,305,55.78,0.1,47.6271296,-122.3912577,7.8,-35.7,1.36,72.63333333,0.12667339,3.813299361,1.666818144,6.356076562,47.62707859,-122.3912184
15:10:33,9/14/2023,3,3,0:15:38,-7.3152,305,55.78,0.1,47.6271306,-122.3912579,7.9,-36,1.28,72.65,0.126673392,3.588987634,1.568770018,5.630296194,47.62707895,-122.39122
15:10:34,9/14/2023,3,3,0:15:39,-7.34568,305,55.78,0.1,47.627132,-122.3912516,8.1,-36.3,0.94,72.66666667,0.144405564,2.635662794,1.152065482,3.036456126,47.62707966,-122.3912216
15:10:35,9/14/2023,3,3,0:15:40,-7.37616,304,55.78,0.1,47.6271329,-122.3912505,8.3,-36.4,0.91,72.68333333,0.089442704,2.551545896,1.115297434,2.845732592,47.62708038,-122.3912221
15:10:36,9/14/2023,3,3,0:15:41,-7.37616,304,55.78,0.1,47.6271335,-122.3912552,8.4,-36.7,0.91,72.7,0.126673388,2.551545896,1.115297434,2.845732592,47.62708074,-122.3912237
15:10:37,9/14/2023,3,3,0:15:42,-7.3152,304,55.78,0.1,47.627134,-122.3912674,8.4,-37,1.18,72.71666667,0.120130359,3.308597975,1.44620986,4.784927014,47.62708074,-122.3912253
15:10:38,9/14/2023,3,3,0:15:43,-7.3152,303,55.78,0,47.6271353,-122.3912736,8.4,-37.3,1.15,72.73333333,0.120130359,3.224481077,1.409441813,4.544718455,47.62708074,-122.3912269
15:10:39,9/14/2023,3,3,0:15:44,-7.37616,304,55.78,0,47.6271356,-122.391276,8.4,-37.5,0.97,72.75,0.080086907,2.719779691,1.188833529,3.233365288,47.62708074,-122.391228
15:10:40,9/14/2023,3,3,0:15:45,-7.40664,305,55.78,0.1,47.6271349,-122.3912925,8.4,-37.7,0.97,72.76666667,0.080086908,2.719779691,1.188833529,3.233365288,47.62708074,-122.3912291
15:10:41,9/14/2023,3,3,0:15:46,-7.40664,304,55.78,0.1,47.6271349,-122.3912925,8.5,-38.1,0.98,72.78333333,0.16515684,2.747818657,1.201089545,3.30037626,47.6270811,-122.3912312
15:10:42,9/14/2023,3,3,0:15:47,-7.40664,304,55.78,0.1,47.6271369,-122.3912888,8.5,-38.6,0.94,72.8,0.20021727,2.635662794,1.152065482,3.036456126,47.6270811,-122.3912339
15:10:43,9/14/2023,3,3,0:15:48,-7.37616,304,55.78,0,47.6271371,-122.391294,8.5,-38.9,1.06,72.81666667,0.120130361,2.972130384,1.299137671,3.861206545,47.6270811,-122.3912355
15:10:44,9/14/2023,3,3,0:15:49,-7.40664,304,55.78,0,47.6271375,-122.3912992,8.6,-38.9,1.03,72.83333333,0.039949804,2.888013487,1.262369624,3.645740498,47.62708146,-122.3912355
15:10:45,9/14/2023,3,3,0:15:50,-7.40664,304,55.78,0.1,47.6271359,-122.3913123,8.6,-39,1.14,72.85,0.040043454,3.196442111,1.397185797,4.466023519,47.62708146,-122.391236
15:10:46,9/14/2023,3,3,0:15:51,-7.43712,294,55.78,0.1,47.6271365,-122.3913096,8.6,-39.3,1.15,72.86666667,0.120130361,3.224481077,1.409441813,4.544718455,47.62708146,-122.3912376
15:10:47,9/14/2023,3,3,0:15:52,-7.4676,290,55.78,0.1,47.6271361,-122.3913141,8.4,-39.8,1.12,72.88333333,0.215425263,3.14036418,1.372673765,4.310695523,47.62708074,-122.3912403
15:10:48,9/14/2023,3,3,0:15:53,-7.49808,286,55.78,0.1,47.6271369,-122.3913139,8.2,-40.2,1.17,72.9,0.178855561,3.280559009,1.433953844,4.704170202,47.62708002,-122.3912424
15:10:49,9/14/2023,3,3,0:15:54,-7.55904,294,55.78,0,47.6271368,-122.3913161,8.1,-40.3,1.21,72.91666667,0.056508219,3.392714873,1.482977907,5.031321202,47.62707966,-122.3912429
15:10:50,9/14/2023,3,3,0:15:55,-7.52856,305,55.78,0.1,47.627138,-122.3913085,8.2,-39.9,1.14,72.93333333,0.165004532,3.196442111,1.397185797,4.466023519,47.62708002,-122.3912408
15:10:51,9/14/2023,3,3,0:15:56,-7.4676,303,55.78,0,47.6271379,-122.3913058,8.2,-39.8,1.24,72.95,0.040043456,3.47683177,1.519745955,5.283901018,47.62708002,-122.3912403
15:10:52,9/14/2023,3,3,0:15:57,-7.40664,301,55.78,0.1,47.6271379,-122.3913058,8.4,-39.9,1.23,72.96666667,0.089442708,3.448792804,1.507489939,5.199020454,47.62708074,-122.3912408
15:10:53,9/14/2023,3,3,0:15:58,-7.40664,303,55.78,0.1,47.6271374,-122.3913126,8.8,-39.9,1.21,72.98333333,0.159799213,3.392714873,1.482977907,5.031321202,47.62708218,-122.3912408
15:10:54,9/14/2023,3,3,0:15:59,-7.43712,301,55.78,0.1,47.6271409,-122.3912939,9.2,-39.8,1.05,73,0.164663667,2.944091418,1.286881655,3.788697237,47.62708362,-122.3912403
15:10:55,9/14/2023,3,3,0:16:00,-7.4676,301,55.78,0.1,47.6271421,-122.3912912,9.5,-39.9,0.85,73.01666667,0.126436613,2.383312101,1.04176134,2.482842407,47.62708469,-122.3912408
15:10:56,9/14/2023,3,3,0:16:01,-7.3152,301,55.78,0,47.627143,-122.3912898,9.5,-39.9,0.93,73.03333333,0,2.607623828,1.139809466,2.972194322,47.62708469,-122.3912408
15:10:57,9/14/2023,3,3,0:16:02,-7.1628,302,55.78,0.1,47.6271435,-122.3912899,9.5,-40,1.05,73.05,0.040043453,2.944091418,1.286881655,3.788697237,47.62708469,-122.3912413
15:10:58,9/14/2023,3,3,0:16:03,-7.1628,302,55.78,0.1,47.627142,-122.3912988,9.5,-40.1,0.89,73.06666667,0.040043453,2.495467964,1.090785403,2.722020029,47.62708469,-122.3912419
15:10:59,9/14/2023,3,3,0:16:04,-7.22376,300,55.78,0.2,47.6271407,-122.3913084,10,-40.2,0.99,73.08333333,0.203800336,2.775857623,1.213345561,3.368074524,47.62708649,-122.3912424
15:11:00,9/14/2023,3,3,0:16:05,-7.25424,299,55.78,0.1,47.6271409,-122.3913117,10.6,-40.2,0.87,73.1,0.239698819,2.439390032,1.066273371,2.601056634,47.62708865,-122.3912424
15:11:01,9/14/2023,3,3,0:16:06,-7.19328,296,55.78,0,47.6271422,-122.3913124,10.8,-40.1,0.72,73.11666667,0.089302032,2.018805544,0.882433135,1.781460905,47.62708937,-122.3912419
15:11:02,9/14/2023,3,3,0:16:07,-7.04088,294,55.78,0.1,47.6271435,-122.391311,10.6,-40.2,0.88,73.13333333,0.089302032,2.467428998,1.078529387,2.661194685,47.62708865,-122.3912424
15:11:03,9/14/2023,3,3,0:16:08,-6.97992,296,55.78,0.1,47.6271434,-122.3913125,10.2,-40.5,0.99,73.15,0.199728965,2.775857623,1.213345561,3.368074524,47.62708721,-122.391244
15:11:04,9/14/2023,3,3,0:16:09,-7.0104,295,55.78,0.1,47.6271419,-122.3913159,10.3,-40.6,1.13,73.16666667,0.056619349,3.168403146,1.384929781,4.388015875,47.62708757,-122.3912445
15:11:05,9/14/2023,3,3,0:16:10,-7.07136,296,55.78,0.1,47.6271418,-122.3913155,10.4,-40.7,1.11,73.18333333,0.05661935,3.112325214,1.36041775,4.234062464,47.62708793,-122.3912451
15:11:06,9/14/2023,3,3,0:16:11,-7.10184,295,55.76,0.2,47.6271419,-122.3913176,10.5,-41,1.15,73.2,0.126673383,3.224481077,1.409441813,4.544718455,47.62708829,-122.3912467
15:11:07,9/14/2023,3,3,0:16:12,-7.04088,294,55.78,0.1,47.627142,-122.3913217,10.8,-41.5,0.89,73.21666667,0.233548966,2.495467964,1.090785403,2.722020029,47.62708937,-122.3912493
15:11:08,9/14/2023,3,3,0:16:13,-7.04088,291,55.78,0.1,47.6271423,-122.3913273,10.9,-41.8,0.91,73.23333333,0.126673384,2.551545896,1.115297434,2.845732592,47.62708973,-122.3912509
15:11:09,9/14/2023,3,3,0:16:14,-7.07136,293,55.78,0.1,47.6271428,-122.39133,11.1,-41.9,0.85,73.25,0.089442702,2.383312101,1.04176134,2.482842407,47.62709044,-122.3912514
15:11:10,9/14/2023,3,3,0:16:15,-7.13232,288,55.78,0.2,47.6271432,-122.3913358,11.2,-42.2,0.87,73.26666667,0.126673383,2.439390032,1.066273371,2.601056634,47.6270908,-122.391253
15:11:11,9/14/2023,3,3,0:16:16,-7.10184,288,55.78,0.2,47.6271424,-122.3913435,11.1,-42.9,1,73.28333333,0.283059016,2.803896589,1.225601576,3.436460079,47.62709044,-122.3912568
15:11:12,9/14/2023,3,3,0:16:17,-7.04088,288,55.78,0.1,47.6271411,-122.3913529,11.1,-43.4,1.02,73.3,0.20021726,2.859974521,1.250113608,3.575293066,47.62709044,-122.3912594
15:11:13,9/14/2023,3,3,0:16:18,-7.04088,289,55.78,0.2,47.6271417,-122.3913579,11.3,-43.3,0.93,73.31666667,0.089302034,2.607623828,1.139809466,2.972194322,47.62709116,-122.3912589
15:11:14,9/14/2023,3,3,0:16:19,-7.10184,289,55.78,0.2,47.6271423,-122.3913598,11.3,-42.5,0.96,73.33333333,0.320347609,2.691740725,1.176577513,3.167041609,47.62709116,-122.3912546
15:11:15,9/14/2023,3,3,0:16:20,-7.13232,287,55.78,0.1,47.6271463,-122.3913502,11.4,-41.7,0.85,73.35,0.322751123,2.383312101,1.04176134,2.482842407,47.62709152,-122.3912504
15:11:16,9/14/2023,3,3,0:16:21,-7.07136,288,55.76,0.1,47.6271472,-122.3913486,11.4,-41.5,0.84,73.36666667,0.0800869,2.355273135,1.029505324,2.424766232,47.62709152,-122.3912493
15:11:17,9/14/2023,3,3,0:16:22,-7.0104,285,55.76,0,47.6271467,-122.3913547,11.4,-41.6,0.89,73.38333333,0.04004345,2.495467964,1.090785403,2.722020029,47.62709152,-122.3912499
15:11:18,9/14/2023,3,3,0:16:23,-7.0104,287,55.78,0.1,47.6271508,-122.391341,11.3,-41.7,0.9,73.4,0.05650822,2.52350693,1.103041419,2.783532664,47.62709116,-122.3912504
15:11:19,9/14/2023,3,3,0:16:24,-7.07136,287,55.78,0.1,47.6271517,-122.3913414,11.3,-41.9,0.88,73.41666667,0.080086899,2.467428998,1.078529387,2.661194685,47.62709116,-122.3912514
15:11:20,9/14/2023,3,3,0:16:25,-7.10184,288,55.78,0.1,47.6271514,-122.391345,11.4,-42,0.87,73.43333333,0.056619349,2.439390032,1.066273371,2.601056634,47.62709152,-122.391252
15:11:21,9/14/2023,3,3,0:16:26,-7.04088,288,55.76,0.1,47.6271512,-122.391355,11.4,-42.4,0.93,73.45,0.1601738,2.607623828,1.139809466,2.972194322,47.62709152,-122.3912541
15:11:22,9/14/2023,3,3,0:16:27,-7.0104,287,55.78,0.1,47.6271535,-122.3913543,11.6,-42.9,0.85,73.46666667,0.215716839,2.383312101,1.04176134,2.482842407,47.62709224,-122.3912568
15:11:23,9/14/2023,3,3,0:16:28,-7.04088,283,55.78,0.1,47.6271557,-122.3913541,11.8,-43.2,0.83,73.48333333,0.144405551,2.327234169,1.017249308,2.367377349,47.62709296,-122.3912584
15:11:24,9/14/2023,3,3,0:16:29,-7.10184,280,55.76,0.1,47.6271565,-122.3913607,11.7,-43.4,0.85,73.5,0.089427773,2.383312101,1.04176134,2.482842407,47.6270926,-122.3912594
15:11:25,9/14/2023,3,3,0:16:30,-7.10184,279,55.76,0.1,47.6271576,-122.3913613,11.5,-43.6,0.9,73.51666667,0.113016438,2.52350693,1.103041419,2.783532664,47.62709188,-122.3912605
15:11:26,9/14/2023,3,3,0:16:31,-7.04088,280,55.76,0.1,47.6271571,-122.3913711,11.5,-43.9,0.84,73.53333333,0.120130355,2.355273135,1.029505324,2.424766232,47.62709188,-122.3912621
15:11:27,9/14/2023,3,3,0:16:32,-7.0104,279,55.76,0.1,47.6271606,-122.3913649,11.4,-44.3,0.81,73.55,0.16500452,2.271156237,0.992737277,2.254661458,47.62709152,-122.3912642
15:11:28,9/14/2023,3,3,0:16:33,-7.04088,279,55.76,0.1,47.6271622,-122.3913642,11.4,-44.6,0.85,73.56666667,0.120130356,2.383312101,1.04176134,2.482842407,47.62709152,-122.3912658
15:11:29,9/14/2023,3,3,0:16:34,-7.10184,279,55.76,0.1,47.6271642,-122.391364,11.4,-45,0.94,73.58333333,0.16017381,2.635662794,1.152065482,3.036456126,47.62709152,-122.391268
15:11:30,9/14/2023,3,3,0:16:35,-7.10184,279,55.76,0.1,47.6271647,-122.3913676,11.4,-45.3,0.99,73.6,0.120130358,2.775857623,1.213345561,3.368074524,47.62709152,-122.3912696
15:11:31,9/14/2023,3,3,0:16:36,-7.07136,278,55.76,0,47.6271667,-122.3913632,11.4,-45.6,0.84,73.61666667,0.120130361,2.355273135,1.029505324,2.424766232,47.62709152,-122.3912712
15:11:32,9/14/2023,3,3,0:16:37,-7.07136,279,55.76,0.1,47.6271692,-122.3913595,11.3,-45.8,1.03,73.63333333,0.089427775,2.888013487,1.262369624,3.645740498,47.62709116,-122.3912722
15:11:33,9/14/2023,3,3,0:16:38,-7.13232,279,55.76,0.1,47.6271697,-122.3913596,11.4,-45.9,0.84,73.65,0.056619351,2.355273135,1.029505324,2.424766232,47.62709152,-122.3912728
15:11:34,9/14/2023,3,3,0:16:39,-7.13232,279,55.76,0.1,47.6271705,-122.3913614,11.5,-46.1,0.85,73.66666667,0.08956825,2.383312101,1.04176134,2.482842407,47.62709188,-122.3912738
15:11:35,9/14/2023,3,3,0:16:40,-7.10184,279,55.76,0.1,47.6271719,-122.3913618,11.5,-46.4,0.91,73.68333333,0.120130361,2.551545896,1.115297434,2.845732592,47.62709188,-122.3912754
15:11:36,9/14/2023,3,3,0:16:41,-7.04088,279,55.76,0.1,47.6271731,-122.3913581,11.4,-46.7,0.89,73.7,0.126524434,2.495467964,1.090785403,2.722020029,47.62709152,-122.391277
15:11:37,9/14/2023,3,3,0:16:42,-7.07136,278,55.74,0,47.6271744,-122.3913519,11.5,-46.9,0.92,73.71666667,0.089568252,2.579584862,1.12755345,2.908619811,47.62709188,-122.3912781
15:11:38,9/14/2023,3,3,0:16:43,-7.10184,277,55.76,0.1,47.6271753,-122.3913495,11.5,-46.9,0.93,73.73333333,0,2.607623828,1.139809466,2.972194322,47.62709188,-122.3912781
15:11:39,9/14/2023,3,3,0:16:44,-7.10184,279,55.74,0.1,47.6271777,-122.3913422,11.8,-46.8,0.91,73.75,0.126287374,2.551545896,1.115297434,2.845732592,47.62709296,-122.3912776
15:11:40,9/14/2023,3,3,0:16:45,-7.07136,276,55.76,0.1,47.62718,-122.3913316,12.1,-46.7,0.84,73.76666667,0.126287375,2.355273135,1.029505324,2.424766232,47.62709404,-122.391277
15:11:41,9/14/2023,3,3,0:16:46,-7.07136,279,55.76,0.1,47.6271814,-122.3913245,12.4,-46.7,0.72,73.78333333,0.11984941,2.018805544,0.882433135,1.781460905,47.62709512,-122.391277
15:11:42,9/14/2023,3,3,0:16:47,-7.13232,273,55.76,0.1,47.6271816,-122.3913234,12.6,-46.5,0.72,73.8,0.113016436,2.018805544,0.882433135,1.781460905,47.62709583,-122.391276
15:11:43,9/14/2023,3,3,0:16:48,-7.13232,273,55.74,0.1,47.6271836,-122.3913175,12.7,-46.3,0.74,73.81666667,0.089427774,2.074883476,0.906945166,1.881805539,47.62709619,-122.3912749
15:11:44,9/14/2023,3,3,0:16:49,-7.07136,266,55.76,0,47.6271829,-122.3913221,12.7,-46.1,0.76,73.83333333,0.080086902,2.130961408,0.931457198,1.984899342,47.62709619,-122.3912738
15:11:45,9/14/2023,3,3,0:16:50,-7.04088,260,55.76,0,47.6271829,-122.3913194,12.5,-46,0.83,73.85,0.089442701,2.327234169,1.017249308,2.367377349,47.62709547,-122.3912733
15:11:46,9/14/2023,3,3,0:16:51,-7.10184,250,55.76,0.1,47.6271839,-122.39131,12.5,-45.9,0.62,73.86666667,0.040043451,1.738415885,0.759872977,1.320975254,47.62709547,-122.3912728
15:11:47,9/14/2023,3,3,0:16:52,-7.34568,241,55.76,0.1,47.6271829,-122.3913123,12.4,-45.7,0.42,73.88333333,0.089568244,1.177636567,0.514752662,0.606191558,47.62709512,-122.3912717
15:11:48,9/14/2023,3,3,0:16:53,-7.40664,240,55.74,0,47.6271829,-122.3913115,12.4,-45.7,0.34,73.9,0,0.95332484,0.416704536,0.397254785,47.62709512,-122.3912717
15:11:49,9/14/2023,3,3,0:16:54,-7.34568,223,55.76,0.1,47.6271802,-122.3913183,12.2,-45.6,0.3,73.91666667,0.0894427,0.841168977,0.367680473,0.309281407,47.6270944,-122.3912712
15:11:50,9/14/2023,3,3,0:16:55,-7.28472,206,55.76,0.1,47.62718,-122.3913189,12.1,-45.4,0.48,73.93333333,0.089568247,1.345870363,0.588288757,0.791760402,47.62709404,-122.3912701
15:11:51,9/14/2023,3,3,0:16:56,-7.3152,219,55.78,0.1,47.6271782,-122.3913233,12,-45,0.47,73.95,0.165156829,1.317831397,0.576032741,0.759114031,47.62709368,-122.391268
15:11:52,9/14/2023,3,3,0:16:57,-7.3152,236,55.76,0,47.627178,-122.3913251,12.1,-44.9,0.49,73.96666667,0.056508219,1.373909329,0.600544772,0.825094065,47.62709404,-122.3912674
15:11:53,9/14/2023,3,3,0:16:58,-7.34568,253,55.78,0,47.627178,-122.3913251,12.2,-44.8,0.5,73.98333333,0.05650822,1.401948294,0.612800788,0.85911502,47.6270944,-122.3912669
15:11:54,9/14/2023,3,3,0:16:59,-7.34568,268,55.78,0.1,47.6271789,-122.3913216,12.3,-44.5,0.48,74,0.126524426,1.345870363,0.588288757,0.791760402,47.62709476,-122.3912653
15:11:55,9/14/2023,3,3,0:17:00,-7.3152,264,55.78,0.3,47.6271796,-122.3913129,12.3,-43.8,0.54,74.01666667,0.28030415,1.514104158,0.661824851,1.002071759,47.62709476,-122.3912616
15:11:56,9/14/2023,3,3,0:17:01,-7.40664,252,55.76,0.1,47.6271791,-122.3913109,12.1,-43.1,0.49,74.03333333,0.291620237,1.373909329,0.600544772,0.825094065,47.62709404,-122.3912578
15:11:57,9/14/2023,3,3,0:17:02,-7.58952,240,55.78,0.1,47.6271786,-122.3913123,11.9,-42.7,0.34,74.05,0.179136481,0.95332484,0.416704536,0.397254785,47.62709332,-122.3912557
15:11:58,9/14/2023,3,3,0:17:03,-7.58952,225,55.78,0.2,47.627179,-122.3913159,11.7,-42.3,0.34,74.06666667,0.179136484,0.95332484,0.416704536,0.397254785,47.6270926,-122.3912536
15:11:59,9/14/2023,3,3,0:17:04,-7.52856,208,55.78,0.2,47.6271783,-122.3913179,11.3,-42,0.43,74.08333333,0.200106269,1.205675533,0.527008678,0.635401469,47.62709116,-122.391252
15:12:00,9/14/2023,3,3,0:17:05,-7.4676,197,55.78,0.1,47.6271769,-122.3913263,11,-41.5,0.43,74.1,0.233548959,1.205675533,0.527008678,0.635401469,47.62709008,-122.3912493
15:12:01,9/14/2023,3,3,0:17:06,-7.4676,202,55.78,0.1,47.6271759,-122.3913297,10.7,-41.3,0.49,74.11666667,0.144275806,1.373909329,0.600544772,0.825094065,47.62708901,-122.3912483
15:12:02,9/14/2023,3,3,0:17:07,-7.49808,202,55.78,0.1,47.6271757,-122.3913315,10.5,-41.2,0.49,74.13333333,0.089442701,1.373909329,0.600544772,0.825094065,47.62708829,-122.3912477
15:12:03,9/14/2023,3,3,0:17:08,-7.52856,182,55.76,0.1,47.6271762,-122.3913287,10.2,-41.1,0.49,74.15,0.126436611,1.373909329,0.600544772,0.825094065,47.62708721,-122.3912472
15:12:04,9/14/2023,3,3,0:17:09,-7.52856,164,55.78,0.2,47.6271765,-122.391327,9.9,-40.7,0.47,74.16666667,0.200237265,1.317831397,0.576032741,0.759114031,47.62708613,-122.3912451
15:12:05,9/14/2023,3,3,0:17:10,-7.55904,145,55.78,0.2,47.6271754,-122.3913342,9.6,-40.3,0.5,74.18333333,0.200237264,1.401948294,0.612800788,0.85911502,47.62708505,-122.3912429
15:12:06,9/14/2023,3,3,0:17:11,-7.52856,129,55.78,0.1,47.6271765,-122.3913264,9.3,-39.9,0.68,74.2,0.200237268,1.90664968,0.833409072,1.589019141,47.62708398,-122.3912408
15:12:07,9/14/2023,3,3,0:17:12,-7.49808,126,55.78,0.1,47.6271773,-122.3913189,9,-39.6,0.83,74.21666667,0.169858056,2.327234169,1.017249308,2.367377349,47.6270829,-122.3912392
15:12:08,9/14/2023,3,3,0:17:13,-7.49808,115,55.78,0.1,47.6271785,-122.3913084,8.7,-39.5,0.9,74.23333333,0.126436614,2.52350693,1.103041419,2.783532664,47.62708182,-122.3912387
